layer,type,inherited_error,output_RelErr,delta_error,amplification_gain,CosineAct,mse_output,sqnr_db,variance_ratio,act_kurtosis,zero_inflation,dead_neuron_ratio,mean_shift,weight_RelErr,weight_Cosine,weight_cond_fp32,weight_cond_int4,weight_outlier_ratio_fp32,weight_outlier_ratio_int4,bn_folded,folded_source_layer,has_post_act_fq,exec_order,iso_sens_W4A8,iso_se_pp,iso_lcb95_pp,iso_p_value,iso_positive_flips,iso_negative_flips,iso_quant_source,iso_q_value,restore_gain_weight,restore_gain_weight_se_pp,restore_gain_weight_lcb95_pp,restore_gain_weight_p_value,restore_gain_activation,restore_gain_activation_se_pp,restore_gain_activation_lcb95_pp,restore_gain_activation_p_value,restore_gain_weight_q_value,restore_gain_activation_q_value,mechanism_flags,has_mechanism,inst_meaningful_output_error,inst_local_injection,inst_local_amplification,inst_structural_activation,inst_conditioning_broken,has_strong_instability,is_fragile,is_weight_contributor,is_activation_contributor,task_effect_pp,has_task_evidence,has_causal_evidence,has_bn_propagation_evidence,has_non_bn_propagation_evidence,has_propagation_evidence,is_flagged,is_collective_failure,layer_role,is_origin,failure_mode
conv1,Conv2d,0.0,0.012789910350513696,0.012789910350513696,inf,0.9999182277828619,0.0015406970371853333,37.86264999301279,1.0004394271143215,16.393470668458438,0.0,0.0,0.0008177605923265219,0.009888296015560627,0.999950647354126,71.82658207756455,70.27810768830562,8.395915031433105,8.388910293579102,False,,False,1,0.25,0.23978636064083103,-0.14441346499356467,0.14856801159910257,14,9,mqbench-weight+fallback-act,0.9692307692307692,0.2,0.34646792060738457,-0.36988901583339123,0.2818839347970552,,,,,0.47567913997003064,,injection,True,False,True,True,False,False,False,False,False,False,,False,False,False,False,False,False,True,injector,False,stable
bn1,BatchNorm2d,0.012789910350513696,0.010009656791992476,-0.0027802535585212205,0.7826213411722973,0.9999498977261901,0.0030777284647433125,39.991616264397905,1.000156227116203,20.09080464039338,-2.059279655923507e-05,0.0,0.0016135236946865916,N/A,N/A,N/A,N/A,N/A,N/A,False,,False,2,-0.35000000000000003,0.23972376549243288,-0.7443105051366925,0.9278568560346209,8,15,fallback-act,0.9799162249740161,,,,,,,,,,,none,False,False,False,False,False,False,False,False,False,False,,False,False,False,False,False,False,False,damper,False,stable
relu,ReLU,0.010009656791992476,0.010009656791992476,0.0,1.0,0.9999498977261901,0.0030777284647433125,39.991616264397905,1.000156227116203,20.09080464039338,-2.059279655923507e-05,0.0,0.0016135236946865916,N/A,N/A,N/A,N/A,N/A,N/A,False,,False,3,-0.25,0.1802359356406156,-0.5464617324454587,0.9172899096371125,4,9,fallback-act,0.9799162249740161,,,,,,,,,,,none,False,False,False,False,False,False,False,False,False,False,,False,False,False,False,False,False,False,propagator,False,stable
maxpool,MaxPool2d,0.010009656791992476,0.01067381103364785,0.0006641542416553747,1.066351350046955,0.999943022399177,0.0050523079247499,39.43360980200041,0.999851378842183,15.063775627688347,0.0006762913295200873,0.0,0.0023366822861135006,N/A,N/A,N/A,N/A,N/A,N/A,False,,True,4,-0.1,0.17323396030369234,-0.38494450791669566,0.7181160652029447,5,7,mqbench-act,0.9799162249740161,,,,,-0.1,0.3162989448468894,-0.6202654666323297,0.6240581774082001,,0.9569024257163782,injection+amplification+zero-inflation,True,False,False,True,False,False,False,False,False,False,,False,False,False,False,False,False,True,amplifier,False,stable
layer1.0.conv1,Conv2d,0.01067381103364785,0.1134320238608324,0.10275821282718454,10.6271343481023,0.9935744274902988,2.5752007134106694,18.90528638282039,0.9911945656643346,4.686405123851175,1.3477948247169961e-06,0.0,1.129132628440857,0.18010476231575012,0.9837070107460022,1215.3467143992664,839.8175269293156,7.9609527587890625,7.527180194854736,False,,False,5,1.35,0.5538430473162322,0.4390092548600396,0.0073943274856779866,75,48,mqbench-weight+fallback-act,0.31056175439847544,-6.950000000000001,0.8358816298074296,-8.32490293049086,1.0,,,,,1.0,,injection+amplification,True,True,True,True,False,False,True,False,False,False,,False,False,False,True,True,True,False,amplifier,True,activation-outlier+bias-correctable
layer1.0.bn1,BatchNorm2d,0.1134320238608324,0.28936100857655794,0.17592898471572554,2.5509639934800905,0.9588347583251523,0.34612751250364343,10.771199809944607,1.0375039341022667,20.218518401484207,0.04610495664635483,0.0,0.32735592126846313,N/A,N/A,N/A,N/A,N/A,N/A,False,,False,6,-0.15,0.19366854094528607,-0.4685564020002535,0.7806880855395699,6,9,fallback-act,0.9799162249740161,,,,,,,,,,,injection+amplification,True,True,True,True,False,False,True,False,False,False,,False,False,True,False,True,True,False,amplifier,False,inherits-from-upstream
layer1.0.relu,ReLU,0.28936100857655794,0.28947149341521317,0.00011048483865522263,1.0003818235193427,0.9587782010166704,0.3463918822152274,10.767883965987707,1.036312849176445,20.218518401484207,0.051844684445128186,0.0,0.32749414443969727,N/A,N/A,N/A,N/A,N/A,N/A,False,,True,7,0.05,0.19369436944417662,-0.26859888610033233,0.3981499579210246,8,7,mqbench-act,0.9692307692307692,,,,,-0.4,0.308167947298013,-0.9068911658233269,0.9028552198971653,,0.9569024257163782,injection+amplification+zero-inflation,True,True,False,False,True,False,True,False,False,False,,False,False,False,True,True,True,False,amplifier,False,activation-clipping
layer1.0.conv2,Conv2d,0.28947149341521317,0.24778414307507848,-0.04168735034013468,0.855988063459019,0.9695203295669249,3.1422029806643117,12.118529794174213,1.0190035085982005,4.3048113801553916,5.8388223453443876e-08,0.0,1.1019998788833618,0.3176040053367615,0.9509851336479187,12.41881643226959,9.991513323460019,17.08382797241211,14.561450958251953,False,,False,8,0.3,0.4899745274182723,-0.5059363785377788,0.27017734239818686,51,45,mqbench-weight+fallback-act,0.9692307692307692,5.35,0.7269477123481745,4.15427741874003,9.227325615834126e-14,,,,,1.6609186108501428e-12,,none,False,True,False,False,False,False,False,False,True,False,5.35,True,True,False,False,False,True,False,damper,False,weight-limited+weight-outlier+activation-outlier+bias-correctable
layer1.0.bn2,BatchNorm2d,0.24778414307507848,0.15021707695398898,-0.09756706612108951,0.6062416871788009,0.9887343217525661,0.3072048668958703,16.465613862574074,1.029431565182137,9.157506225307023,0.01743114724451178,0.0,0.297275185585022,N/A,N/A,N/A,N/A,N/A,N/A,False,,False,9,0.1,0.12248469802642821,-0.10146939979482628,0.20712754690278293,4,2,fallback-act,0.9692307692307692,,,,,,,,,,,none,False,True,False,False,False,False,False,False,False,False,,False,False,False,False,False,False,False,damper,False,stable
layer1.0.conv3,Conv2d,0.15033994601180697,0.1492631140248986,-0.001076831986908361,0.9928373528428446,0.9889948028232934,0.4032137174995578,16.52095004170058,1.0165566463047773,0.8918064751779688,0.011719108844289975,0.01171875,0.3863389790058136,0.1550949364900589,0.9879753589630127,14.949739959203312,14.575694357058024,8.081521987915039,7.672987937927246,False,,False,10,0.44999999999999996,0.46637699745149946,-0.3171218957848364,0.16730129851381828,48,39,mqbench-weight+fallback-act,0.9692307692307692,5.75,0.7424583302691761,4.528764722596412,4.7963351130512685e-15,,,,,2.590020961047685e-13,,none,False,True,False,False,False,False,False,False,True,False,5.75,True,True,False,False,False,True,False,propagator,False,activation-outlier+bias-correctable
layer1.0.bn3,BatchNorm2d,0.1492631140248986,2.853686527967937,2.7044234139430383,19.118497872769243,0.10509927945984833,15.143398752017896,-9.108125299533343,11.479003004647206,6.973456527506659,-0.42198217523341275,0.0,0.9617777466773987,N/A,N/A,N/A,N/A,N/A,N/A,False,,False,11,-0.15,0.13227811137665477,-0.3675781312641814,0.8715973694490677,2,5,fallback-act,0.9799162249740161,,,,,,,,,,,injection+amplification,True,True,True,True,False,False,True,False,False,False,,False,False,True,False,True,True,False,amplifier,False,inherits-from-upstream
layer1.0.downsample.0,Conv2d,0.01067381103364785,0.12468685024754883,0.11401303921390098,11.681568078588723,0.9922016506773468,1.721156509555116,18.083586915362204,0.9733571160313736,7.478277583436183,0.011720865356678866,0.01171875,0.8408280611038208,0.15828022360801697,0.9874475598335266,23.46133247681315,19.8949473064431,7.8478522300720215,7.4582695960998535,False,,False,12,2.9499999999999997,0.6733315956635775,1.8424680827317421,5.901389023739734e-06,121,62,mqbench-weight+fallback-act,0.0007435750169912064,-0.3,0.9194442282403115,-1.8123511736006737,0.6278952781677647,,,,,0.8072939290728404,,injection+amplification,True,True,True,True,False,False,True,True,False,False,2.9499999999999997,True,True,False,True,True,True,False,amplifier,False,activation-outlier+bias-correctable
layer1.0.downsample.1,BatchNorm2d,0.12468685024754883,0.23413607129549563,0.1094492210479468,1.8777928132008324,0.9735860409630566,0.9108575898773816,12.610633463974505,1.0513775248808384,1.7438967886229468,0.0,0.0,0.5547559261322021,N/A,N/A,N/A,N/A,N/A,N/A,False,,False,13,-0.2,0.18707618434577575,-0.5077129403373914,0.8574839024969046,5,9,fallback-act,0.9799162249740161,,,,,,,,,,,injection+amplification,True,True,True,True,False,False,True,False,False,False,,False,False,True,False,True,True,False,amplifier,False,inherits-from-upstream
layer1.1.conv1,Conv2d,0.6053984957903983,0.5380215135837183,-0.06737698220667998,0.888706393102755,0.876356500410687,2.0157990066372617,5.384007161620511,1.220270667123359,1.703928259173253,0.015625072985279317,0.015625,0.8788381814956665,0.1984560340642929,0.9806305170059204,5689375.347758859,5442288.926467618,12.825786590576172,10.310949325561523,False,,False,14,0.1,0.25500492888742055,-0.31944578217097597,0.3474739576377134,14,12,mqbench-weight+fallback-act,0.9692307692307692,1.0999999999999999,0.5473068356837808,0.19976036627019955,0.02222398264989636,,,,,0.10000792192453362,,none,False,True,False,False,False,False,False,False,False,False,,False,False,False,False,False,False,False,damper,False,stable
layer1.1.bn1,BatchNorm2d,0.5380215135837183,0.6136627602568961,0.07564124667317784,1.1405914907925103,0.8421932187581926,0.8758818032790203,4.241404616141544,1.3757856900814212,4.562216928019084,0.07677402788279003,0.015625,0.4394243359565735,N/A,N/A,N/A,N/A,N/A,N/A,False,,False,15,-0.1,0.12248469802642821,-0.3014693997948263,0.7928724530972171,2,4,fallback-act,0.9799162249740161,,,,,,,,,,,injection+amplification,True,True,True,True,True,False,True,False,False,False,,False,False,True,False,True,True,False,amplifier,False,inherits-from-upstream
layer1.1.relu,ReLU,0.6136627602568961,0.6137085449628162,4.5784705920093316e-05,1.0000746089039214,0.8421455037830343,0.8760125053172209,4.240756595609817,1.3755373408907008,4.562216928019084,0.08146039320498094,0.015625,0.43942317366600037,N/A,N/A,N/A,N/A,N/A,N/A,False,,True,16,0.0,0.07072836242007383,-0.11633780345499664,0.5,1,1,mqbench-act,0.9692307692307692,,,,,-0.25,0.3201874607241865,-0.7766615060765603,0.7825377565148719,,0.9569024257163782,injection+amplification+dead-channels+zero-inflation,True,True,False,False,True,False,True,False,False,False,,False,False,False,True,True,True,False,amplifier,False,dead-channels+activation-clipping
layer1.1.conv2,Conv2d,0.6137085449628162,0.5798710132795144,-0.033837531683301836,0.9448638413770953,0.8430492045936084,3.676007484903141,4.733372006356448,1.1305071332882077,0.8039590552630091,4.865685287786989e-09,0.0,0.9610416889190674,0.26075613498687744,0.9669076800346375,3.9791860654449844,3.7271464085359147,14.578537940979004,12.371021270751953,False,,False,17,-0.2,0.2549755012802731,-0.6193973780646269,0.7835940793120171,11,15,mqbench-weight+fallback-act,0.9799162249740161,1.7500000000000002,0.506060073903484,0.9176052519845246,0.0002720123634651616,,,,,0.0020983810895883895,,none,False,True,False,False,False,False,False,False,False,False,1.7500000000000002,False,False,False,False,False,False,False,damper,False,stable
layer1.1.bn2,BatchNorm2d,0.5798710132795144,0.42807883306602573,-0.15179218021348867,0.7382311294454712,0.9132854173458053,1.0188507303899648,7.369524918197828,1.0765180494401532,1.039766310829986,-0.009311700353817065,0.0,0.4210370182991028,N/A,N/A,N/A,N/A,N/A,N/A,False,,False,18,0.05,0.08661698015184618,-0.09247225395834786,0.2818839347970553,2,1,fallback-act,0.9692307692307692,,,,,,,,,,,none,False,True,False,False,False,False,False,False,False,False,,False,False,False,False,False,False,False,damper,False,stable
layer1.1.conv3,Conv2d,0.4281489887034046,0.41272749233996736,-0.01542149636343726,0.9639810048129757,0.922549331745633,0.6633378291616634,7.6867320242509845,1.1178433497705933,1.1196642969042419,2.2602324583092515e-05,0.0,0.389431357383728,0.14649158716201782,0.9892919659614563,5.944417351350534,5.901102558727681,8.107450485229492,7.624434947967529,False,,False,19,-0.05,0.22918336001170136,-0.42697308095217196,0.5863500836989304,10,11,mqbench-weight+fallback-act,0.9799162249740161,-0.8,0.5145992675889672,-1.6464404717202838,0.9399802393441743,,,,,0.9804642279390872,,none,False,True,False,False,False,False,False,False,False,False,,False,False,False,False,False,False,False,propagator,False,stable
layer1.1.bn3,BatchNorm2d,0.41272749233996736,1.364964241314737,0.9522367489747696,3.3071803227258814,0.2254026941242528,5.383708097496811,-2.7024254817023943,2.0565275576502238,4.24351990496598,-0.37267634333396443,0.0,1.5403683185577393,N/A,N/A,N/A,N/A,N/A,N/A,False,,False,20,-0.15,0.15,-0.3967280440427208,0.8413447460685429,3,6,fallback-act,0.9799162249740161,,,,,,,,,,,injection+amplification,True,True,True,True,False,False,True,False,False,False,,False,False,True,False,True,True,False,amplifier,False,inherits-from-upstream
layer1.2.conv1,Conv2d,0.5639351551611279,0.46192564819614734,-0.10200950696498057,0.8191112825093616,0.8901982877463225,1.5958241540558484,6.708558461896877,0.945301962896906,0.49645286448252124,5.8388223453443876e-08,0.0,0.47342902421951294,0.17004472017288208,0.9858237504959106,7.460838304287507,7.015479969126271,9.548674583435059,8.978116989135742,False,,False,21,0.15,0.18029143768146794,-0.14655302517865784,0.2027083483988827,8,5,mqbench-weight+fallback-act,0.9692307692307692,-0.35000000000000003,0.37082004227370985,-0.9599446914802099,0.8273778829671843,,,,,0.9118041975556725,,none,False,True,False,False,False,False,False,False,False,False,,False,False,False,False,False,False,False,damper,False,stable
layer1.2.bn1,BatchNorm2d,0.46192564819614734,0.4920458551019639,0.03012020690581657,1.0652057469063216,0.8801374581459468,0.5238029397263819,6.159888445068553,1.0207498157785178,3.2555248021845644,-0.004100600067450055,0.0,0.21586795151233673,N/A,N/A,N/A,N/A,N/A,N/A,False,,False,22,0.05,0.08661698015184618,-0.09247225395834786,0.2818839347970553,2,1,fallback-act,0.9692307692307692,,,,,,,,,,,injection+amplification,True,True,True,True,False,False,True,False,False,False,,False,False,True,False,True,True,False,amplifier,False,inherits-from-upstream
layer1.2.relu,ReLU,0.4920458551019639,0.49210772805536057,6.187295339665777e-05,1.000125746315623,0.8801072946158721,0.5239346805883913,6.158796295114135,1.0207777397093503,3.2555248021845644,0.0006466641718027577,0.0,0.2158709466457367,N/A,N/A,N/A,N/A,N/A,N/A,False,,True,23,-0.05,0.11182576850283939,-0.23393702090853108,0.6726072830405925,2,3,mqbench-act,0.9799162249740161,,,,,-0.5,0.2914060032486714,-0.9793202213590095,0.9569024257163781,,0.9569024257163782,injection+amplification+zero-inflation,True,True,False,False,False,False,False,False,False,False,,False,False,False,False,False,False,True,amplifier,False,stable
layer1.2.conv2,Conv2d,0.49210772805536057,0.4894334353376807,-0.0026742927176798825,0.9945656356012783,0.8762824443989443,2.049050272727499,6.2061273083214985,0.9293807657475318,0.9396445325609419,4.865685287786989e-09,0.0,0.4252632260322571,0.22186587750911713,0.9759411215782166,4.5993404602760135,4.2814264670213165,14.286898612976074,12.033198356628418,False,,False,24,0.1,0.23456877723948635,-0.285831304011941,0.3349394569946373,12,10,mqbench-weight+fallback-act,0.9692307692307692,-0.75,0.4715187323505597,-1.5255792970823787,0.9441507380154173,,,,,0.9804642279390872,,none,False,True,False,False,False,False,False,False,False,False,,False,False,False,False,False,False,False,propagator,False,stable
layer1.2.bn2,BatchNorm2d,0.4894334353376807,0.2998546802835253,-0.1895787550541554,0.6126567141385487,0.9549143013974523,0.3848689453942435,10.461783361706921,1.0243004157788664,3.059842010723524,0.019713187704280932,0.0,0.1691737323999405,N/A,N/A,N/A,N/A,N/A,N/A,False,,False,25,-0.05,0.08661698015184618,-0.19247225395834788,0.7181160652029447,1,2,fallback-act,0.9799162249740161,,,,,,,,,,,none,False,True,False,False,False,False,False,False,False,False,,False,False,False,False,False,False,False,damper,False,stable
layer1.2.conv3,Conv2d,0.30016706469672794,0.29695279041806943,-0.003214274278658502,0.9892917156587249,0.9561465984321447,0.20680757688016307,10.546251787434366,1.0120198603273347,2.7742904526958325,1.535975203222158e-05,0.0,0.1654653549194336,0.13897433876991272,0.9903429746627808,7.947263860293206,7.360210824917046,7.982608795166016,7.304347991943359,False,,False,26,0.15,0.3041956894973274,-0.35035738317268283,0.31096968156853605,20,17,mqbench-weight+fallback-act,0.9692307692307692,1.9,0.5082560005361869,1.0639932740982034,9.264411367869085e-05,,,,,0.0010005564277298612,,none,False,True,False,False,False,False,False,False,False,False,1.9,False,False,False,False,False,False,False,propagator,False,stable
layer1.2.bn3,BatchNorm2d,0.29695279041806943,1.317931698306724,1.0209789078886544,4.438185936731742,0.17884205590497543,6.552684005425901,-2.3978580713643187,1.5371459118378263,7.517139422871608,-0.39035349354452015,0.0,1.7925217151641846,N/A,N/A,N/A,N/A,N/A,N/A,False,,False,27,-0.15,0.16583878090068474,-0.42278052025370183,0.8171329514694395,4,7,fallback-act,0.9799162249740161,,,,,,,,,,,injection+amplification,True,True,True,True,False,False,True,False,False,False,,False,False,True,False,True,True,False,amplifier,False,inherits-from-upstream
layer2.0.conv1,Conv2d,0.5369117945210552,0.5412410800654543,0.004329285544399153,1.0080633087009405,0.8555648176527758,2.9927906892737566,5.3321849595715145,1.0192659656625775,0.8197739242829112,3.357322848573023e-07,0.0,0.717176616191864,0.19504474103450775,0.9813283085823059,13.935881299734461,13.323172433764753,10.847393989562988,9.367951393127441,False,,False,28,1.0,0.4411318381723594,0.2744026960184247,0.011698289782421026,49,29,mqbench-weight+fallback-act,0.3684961281462623,0.95,0.6536531046285907,-0.12516367991642752,0.07306048589253629,,,,,0.17468359507126932,,injection+amplification,True,True,True,False,False,False,True,False,False,False,,False,False,False,True,True,True,False,amplifier,False,weight-limited+activation-outlier+bias-correctable
layer2.0.bn1,BatchNorm2d,0.5412410800654543,0.6867242086021368,0.14548312853668244,1.2687954294213746,0.7629088424244875,0.8041066296246587,3.2643528492032647,0.9907820550554537,15.335768304429475,0.01108358830821754,0.0,0.25302213430404663,N/A,N/A,N/A,N/A,N/A,N/A,False,,False,29,-0.15,0.08655920660521364,-0.29237722493062746,0.9584448703781705,0,3,fallback-act,0.9980500303111527,,,,,,,,,,,injection+amplification,True,True,True,True,False,False,True,False,False,False,,False,False,True,False,True,True,False,amplifier,False,inherits-from-upstream
layer2.0.relu,ReLU,0.6867242086021368,0.686837113977486,0.00011290537534924816,1.000164411526396,0.7628390001831494,0.8043710601573087,3.2629249062116927,0.9909017866463317,15.335768304429475,0.017275004970784047,0.0,0.2530302405357361,N/A,N/A,N/A,N/A,N/A,N/A,False,,True,30,0.0,0.07072836242007383,-0.11633780345499664,0.5,1,1,mqbench-act,0.9692307692307692,,,,,-0.2,0.2738932433529114,-0.6505142947265385,0.767369547292271,,0.9569024257163782,injection+amplification+zero-inflation,True,True,False,False,False,False,False,False,False,False,,False,False,False,False,False,False,True,amplifier,False,stable
layer2.0.conv2,Conv2d,0.686837113977486,0.6581344193743647,-0.02870269460312136,0.9582103325242524,0.7921880957952077,6.429218720416634,3.6337079140268758,1.1013863303671163,1.946843898723083,2.9194111726721938e-08,0.0,1.051225185394287,0.2086144983768463,0.9788123965263367,5.483831129513532,4.941728633035234,11.374441146850586,10.305880546569824,False,,False,31,0.05,0.2291833600117014,-0.32697308095217203,0.4136499163010696,11,10,mqbench-weight+fallback-act,0.9692307692307692,-0.3,0.4062481000071011,-0.9682186607388246,0.7698840335003709,,,,,0.884547612957873,,none,False,True,False,False,False,False,False,False,False,False,,False,False,False,False,False,False,False,propagator,False,stable
layer2.0.bn2,BatchNorm2d,0.6581344193743647,0.44009275560970085,-0.21804166376466383,0.6686973704065828,0.9099725640750758,1.0056050796898044,7.129115606456454,1.1005270053698784,0.8723860112526549,-0.02711028468852139,0.0,0.35404688119888306,N/A,N/A,N/A,N/A,N/A,N/A,False,,False,32,0.05,0.11182576850283939,-0.13393702090853105,0.3273927169594075,3,2,fallback-act,0.9692307692307692,,,,,,,,,,,none,False,True,False,False,False,False,False,False,False,False,,False,False,False,False,False,False,False,damper,False,stable
layer2.0.conv3,Conv2d,0.4401974710882999,0.4760038609305375,0.03580638984223761,1.08134165276714,0.8948216976153683,0.7629823830662942,6.447790492899921,1.1238029377926384,1.779382649965565,2.5836788878148915e-06,0.0,0.35668691992759705,0.1738770753145218,0.9849570989608765,8.671312481647757,7.448929255811142,10.29483413696289,8.962654113769531,False,,False,33,-0.2,0.3606175571311741,-0.7931630967895915,0.710417281018263,24,28,mqbench-weight+fallback-act,0.9799162249740161,0.15,0.6306247646555744,-0.88728543138914,0.4059950902750887,,,,,0.5925333749960753,,injection+amplification,True,True,True,True,False,False,True,False,False,False,,False,False,False,True,True,True,False,amplifier,False,activation-outlier+bias-correctable
layer2.0.bn3,BatchNorm2d,0.4760038609305375,1.0276091026209975,0.55160524169046,2.1588251419056346,0.4548021603812214,3.64930890530956,-0.23655885234084345,1.3903428829820894,5.66564418097537,-0.4527613484129614,0.0,1.0426321029663086,N/A,N/A,N/A,N/A,N/A,N/A,False,,False,34,0.1,0.14143904164427382,-0.1326465206411241,0.23977753249242448,5,3,fallback-act,0.9692307692307692,,,,,,,,,,,injection+amplification,True,True,True,True,False,False,True,False,False,False,,False,False,True,False,True,True,False,amplifier,False,inherits-from-upstream
layer2.0.downsample.0,Conv2d,0.5369117945210552,0.43581665048416257,-0.10109514403689263,0.8117099585657768,0.909713966840969,0.8316118279281928,7.213923628869338,1.0749036422669043,3.3702597963145937,0.00020585984599833586,0.001953125,0.43818262219429016,0.23103094100952148,0.9735485315322876,30.546868416190613,27.65179920823412,14.114493370056152,16.0,False,,False,35,-0.05,0.4032121526194492,-0.7132249716670116,0.5493440247848119,32,33,mqbench-weight+fallback-act,0.9799162249740161,2.35,0.6441631960237684,1.2904458306716526,0.00013207087189841214,,,,,0.0011886378470857093,,none,False,True,False,False,False,False,False,False,True,False,2.35,True,True,False,False,False,True,False,damper,False,weight-limited+weight-outlier+activation-outlier+bias-correctable
layer2.0.downsample.1,BatchNorm2d,0.43581665048416257,0.6443819645588249,0.20856531407466233,1.4785620600841214,0.8121970067182133,1.0497956616537911,3.817132468786796,1.1806620224547903,6.481503782093444,0.0,0.0,0.44623658061027527,N/A,N/A,N/A,N/A,N/A,N/A,False,,False,36,0.05,0.08661698015184618,-0.09247225395834786,0.2818839347970553,2,1,fallback-act,0.9692307692307692,,,,,,,,,,,injection+amplification,True,True,True,True,False,False,True,False,False,False,,False,False,True,False,True,True,False,amplifier,False,inherits-from-upstream
layer2.1.conv1,Conv2d,0.5884385129156262,0.4805687573348344,-0.10786975558079182,0.8166847457921932,0.886217274826195,3.6080215025921256,6.364889338063473,1.0344723615852938,1.0601225979207314,9.73137057557398e-08,0.0,0.8718324303627014,0.24050088226795197,0.9719669818878174,10.053484200838174,8.699978140533007,17.08461570739746,13.211631774902344,False,,False,37,-0.15,0.2179736366011417,-0.5085347267431901,0.7543229193907361,8,11,mqbench-weight+fallback-act,0.9799162249740161,-0.4,0.4359071088015793,-1.1170033889262077,0.8205928316559348,,,,,0.9118041975556725,,none,False,True,False,False,False,False,False,False,False,False,,False,False,False,False,False,False,False,damper,False,stable
layer2.1.bn1,BatchNorm2d,0.4805687573348344,0.5113158427715878,0.03074708543675342,1.0639806166494725,0.876423582180878,0.35808898234853936,5.826215014951566,1.0772921781377416,16.403967497088853,-0.014491772165103778,0.0,0.1945376992225647,N/A,N/A,N/A,N/A,N/A,N/A,False,,False,38,0.05,0.13231592402986095,-0.16764032754395225,0.35275858272690197,4,3,fallback-act,0.9692307692307692,,,,,,,,,,,injection+amplification,True,True,True,True,False,False,True,False,False,False,,False,False,True,False,True,True,False,amplifier,False,inherits-from-upstream
layer2.1.relu,ReLU,0.5113158427715878,0.5116958582124549,0.0003800154408670764,1.0007432107693108,0.8762645346491172,0.3586214513194804,5.819761965922354,1.0779054223644189,16.403967497088853,-0.0037202056573362174,0.0,0.19454537332057953,N/A,N/A,N/A,N/A,N/A,N/A,False,,True,39,0.15,0.08655920660521364,0.007622775069372506,0.04155512962182949,3,0,mqbench-act,0.7479923331929308,,,,,0.1,0.2739206386129549,-0.35055935591938236,0.357529859887908,,0.9569024257163782,injection+amplification,True,True,False,False,False,False,False,False,False,False,,False,False,False,False,False,False,True,amplifier,False,stable
layer2.1.conv2,Conv2d,0.5116958582124549,0.4750755495143077,-0.0366203086981472,0.9284334471143159,0.8877413398053143,2.3894267763410295,6.464746412633167,1.0181646956901194,0.8814446666856837,9.731370575573979e-09,0.0,0.6721670627593994,0.29622703790664673,0.957508385181427,6.428972206962801,5.633713886860875,14.463079452514648,12.082289695739746,False,,False,40,0.4,0.3161803045613313,-0.1200703207283268,0.10291757328112552,24,16,mqbench-weight+fallback-act,0.9692307692307692,4.25,0.5688853709515137,3.314266834270769,3.9869715823260926e-14,,,,,1.076482327228045e-12,,none,False,True,False,False,False,False,False,False,True,False,4.25,True,True,False,False,False,True,False,damper,False,weight-limited+weight-outlier+bias-correctable
layer2.1.bn2,BatchNorm2d,0.4750755495143077,0.5827722998202512,0.10769675030594356,1.2266939446074356,0.844261171708982,0.5616983418561974,4.690021983652216,1.1749304072529656,4.543899382118743,0.013902849080611235,0.0,0.23704558610916138,N/A,N/A,N/A,N/A,N/A,N/A,False,,False,41,0.1,0.09999999999999998,-0.06448536269514718,0.15865525393145702,3,1,fallback-act,0.9692307692307692,,,,,,,,,,,injection+amplification,True,True,True,True,False,False,True,False,False,False,,False,False,True,False,True,True,False,amplifier,False,inherits-from-upstream
layer2.1.conv3,Conv2d,0.58291116407426,0.6646396050223551,0.08172844094809506,1.1402073694675081,0.8107020159125816,0.3465671831247758,3.548275664691624,1.2704135734962525,2.3554154033178785,2.8439930507114956e-06,0.0,0.21797773241996765,0.18790072202682495,0.9824631810188293,9.39524035208229,8.408443530647927,10.534449577331543,9.465494155883789,False,,False,42,-0.15,0.2784376299225348,-0.6079891454578531,0.7049600634421773,14,17,mqbench-weight+fallback-act,0.9799162249740161,0.8,0.468817549743473,0.02886375292594623,0.04396488395886848,,,,,0.13971907401981423,,injection+amplification,True,True,True,True,False,False,True,False,False,False,,False,False,False,True,True,True,False,amplifier,False,activation-outlier
layer2.1.bn3,BatchNorm2d,0.6646396050223551,1.391066468866209,0.726426863843854,2.0929635525096653,0.08833123211193955,5.784075016878089,-2.8669576447313574,1.3897382050960219,13.075819854478318,-0.462920575725789,0.0,1.6801379919052124,N/A,N/A,N/A,N/A,N/A,N/A,False,,False,43,-0.1,0.15813761017504957,-0.3601132216538683,0.7364243756205006,4,6,fallback-act,0.9799162249740161,,,,,,,,,,,injection+amplification,True,True,True,True,False,False,True,False,False,False,,False,False,True,False,True,True,False,amplifier,False,inherits-from-upstream
layer2.2.conv1,Conv2d,0.6277957712842313,0.6338369333164073,0.006041162032176084,1.0096228141515164,0.8120654909788619,2.929174520531479,3.960449166335442,1.1189586300904968,1.7350365919593225,1.1677644690688776e-06,0.0,0.6353236436843872,0.2496098130941391,0.9697479605674744,9.681671475311878,6.840600858170822,14.032028198242188,11.649641990661621,False,,False,44,-0.1,0.20003751524089644,-0.42903243247034895,0.6914294471537858,7,9,mqbench-weight+fallback-act,0.9799162249740161,-0.95,0.40881819450469536,-1.6224460899948006,0.9899311234712839,,,,,1.0,,injection+amplification,True,True,True,False,False,False,True,False,False,False,,False,False,False,True,True,True,False,amplifier,False,weight-limited+activation-outlier+bias-correctable
layer2.2.bn1,BatchNorm2d,0.6338369333164073,0.6700231042523589,0.036186170935951556,1.057090663282456,0.7809254992201715,0.4523723466055734,3.4782044272877983,1.0482784371062828,40.00630855641963,0.006574494498116645,0.0,0.17117829620838165,N/A,N/A,N/A,N/A,N/A,N/A,False,,False,45,-0.1,0.12248469802642821,-0.3014693997948263,0.7928724530972171,2,4,fallback-act,0.9799162249740161,,,,,,,,,,,injection+amplification,True,True,True,True,False,False,True,False,False,False,,False,False,True,False,True,True,False,amplifier,False,inherits-from-upstream
layer2.2.relu,ReLU,0.6700231042523589,0.6706124161746316,0.0005893119222727394,1.000879539703232,0.7806160518805261,0.4531684554353052,3.4705682001836284,1.0493532056739856,40.00630855641963,0.020642066488460564,0.0,0.17118754982948303,N/A,N/A,N/A,N/A,N/A,N/A,False,,True,46,0.15,0.08655920660521364,0.007622775069372506,0.04155512962182949,3,0,mqbench-act,0.7479923331929308,,,,,-0.35000000000000003,0.27834778379640857,-0.8078413617314268,0.8956991588786908,,0.9569024257163782,injection+amplification+zero-inflation,True,True,False,False,False,False,False,False,False,False,,False,False,False,False,False,False,True,amplifier,False,stable
layer2.2.conv2,Conv2d,0.6706124161746316,0.5537847724812762,-0.11682764369335541,0.8257896202402958,0.8442265914539901,2.325088442588339,5.133179805982832,0.9910338439489574,1.6180478291628226,2.193450927734375e-05,0.0,0.4724102020263672,0.27400141954421997,0.9635902643203735,5.16356389347588,4.581282676911828,23.50965118408203,18.358999252319336,False,,False,47,-0.25,0.21792773170967494,-0.6084592199159662,0.8743441682295673,7,12,mqbench-weight+fallback-act,0.9799162249740161,0.1,0.39379250407814265,-0.5477310285992354,0.3997706307457457,,,,,0.5925333749960753,,none,False,True,False,False,False,False,False,False,False,False,,False,False,False,False,False,False,False,damper,False,stable
layer2.2.bn2,BatchNorm2d,0.5537847724812762,0.5772629743354739,0.02347820185419769,1.0423958964220013,0.8476028429466307,0.723664361603406,4.772525945383993,1.133760020838999,3.9115422951647867,-0.022180897848946612,0.0,0.2011905163526535,N/A,N/A,N/A,N/A,N/A,N/A,False,,False,48,0.0,0.10002500937890794,-0.16452649946275175,0.5,2,2,fallback-act,0.9692307692307692,,,,,,,,,,,injection+amplification,True,True,True,False,False,False,True,False,False,False,,False,False,True,False,True,True,False,amplifier,False,inherits-from-upstream
layer2.2.conv3,Conv2d,0.5773170794762509,0.6201895454609053,0.04287246598465444,1.074261558351173,0.8275130381629512,0.3566947518562784,4.149511178836403,1.1886198033948812,1.8644326559061994,3.058083203374123e-06,0.0,0.2133917212486267,0.1826281100511551,0.983409583568573,11.058533999275912,9.801453758698933,10.793586730957031,10.087566375732422,False,,False,49,0.1,0.2739206386129549,-0.35055935591938236,0.357529859887908,16,14,mqbench-weight+fallback-act,0.9692307692307692,1.0,0.4354248470157615,0.28378986112133475,0.01082058319887711,,,,,0.06492349919326265,,injection+amplification,True,True,True,True,False,False,True,False,False,False,,False,False,False,True,True,True,False,amplifier,False,activation-outlier
layer2.2.bn3,BatchNorm2d,0.6201895454609053,1.4638927211881947,0.8437031757272894,2.3603956756482822,0.06258601527109794,5.910364189926459,-3.310185027574435,1.4459798132579336,15.675292268615049,-0.48638588798289395,0.0,1.6932833194732666,N/A,N/A,N/A,N/A,N/A,N/A,False,,False,50,0.15,0.13227811137665477,-0.06757813126418138,0.12840263055093226,5,2,fallback-act,0.9692307692307692,,,,,,,,,,,injection+amplification,True,True,True,True,False,False,True,False,False,False,,False,False,True,False,True,True,False,amplifier,False,inherits-from-upstream
layer2.3.conv1,Conv2d,0.6653011700044785,0.6074429789805915,-0.05785819102388701,0.9130345869923879,0.8316047983212004,2.8443529362581215,4.329889665748448,1.151830835945337,1.6554231056065234,6.811959402901785e-08,0.0,0.6130935549736023,0.21905124187469482,0.9766044020652771,8.5972314184526,8.050692836377404,11.992222785949707,9.871390342712402,False,,False,51,-0.15,0.19366854094528607,-0.4685564020002535,0.7806880855395699,6,9,mqbench-weight+fallback-act,0.9799162249740161,0.8,0.3602011555176053,0.20752182291475574,0.01317611687487734,,,,,0.07115103112433764,,none,False,True,False,False,False,False,False,False,False,False,,False,False,False,False,False,False,False,damper,False,stable
layer2.3.bn1,BatchNorm2d,0.6074429789805915,0.6289188677243992,0.02147588874380768,1.0353545756341582,0.807115113389626,0.4564898378995,4.028107522643925,1.054399981835449,32.89735761708328,0.013108302135856786,0.0,0.1685626357793808,N/A,N/A,N/A,N/A,N/A,N/A,False,,False,52,-0.05,0.08661698015184618,-0.19247225395834788,0.7181160652029447,1,2,fallback-act,0.9799162249740161,,,,,,,,,,,injection+amplification,True,True,True,False,False,False,True,False,False,False,,False,False,True,False,True,True,False,amplifier,False,inherits-from-upstream
layer2.3.relu,ReLU,0.6289188677243992,0.6294470732533847,0.0005282055289854704,1.0008398627487465,0.8068487254977096,0.45725693751354607,4.020815629163598,1.055321447017972,32.89735761708328,0.025315401505450752,0.0,0.1686059683561325,N/A,N/A,N/A,N/A,N/A,N/A,False,,True,53,0.05,0.05000000000000001,-0.03224268134757362,0.1586552539314571,1,0,mqbench-act,0.9692307692307692,,,,,-0.35000000000000003,0.249939962776056,-0.7611146542923117,0.9192936806458876,,0.9569024257163782,injection+amplification+zero-inflation,True,True,False,False,False,False,False,False,False,False,,False,False,False,False,False,False,True,amplifier,False,stable
layer2.3.conv2,Conv2d,0.6294470732533847,0.5432371171539715,-0.08620995609941318,0.863038594088896,0.8566879034274206,2.032826705854766,5.300211283224057,1.0523487178817719,1.5415145166799622,6.811959402901785e-08,0.0,0.5138523578643799,0.23624633252620697,0.9729747176170349,4.577485174927379,4.213318121153307,21.7329044342041,16.64781379699707,False,,False,54,0.0,0.17324839827182206,-0.2849682562609397,0.5,6,6,mqbench-weight+fallback-act,0.9692307692307692,0.6,0.37401864254671346,-0.015205920740427925,0.05433519545214998,,,,,0.13971907401981423,,none,False,True,False,False,False,False,False,False,False,False,,False,False,False,False,False,False,False,damper,False,stable
layer2.3.bn2,BatchNorm2d,0.5432371171539715,0.5001809080672354,-0.04305620908673613,0.920741407891441,0.8760613415930251,0.5156354149993585,6.017457786668121,1.017535543606919,4.737459716320056,0.005471998331498029,0.0,0.1819642037153244,N/A,N/A,N/A,N/A,N/A,N/A,False,,False,55,0.05,0.08661698015184618,-0.09247225395834786,0.2818839347970553,2,1,fallback-act,0.9692307692307692,,,,,,,,,,,none,False,True,False,False,False,False,False,False,False,False,,False,False,False,False,False,False,False,damper,False,stable
layer2.3.conv3,Conv2d,0.5002724860534127,0.4724652419167416,-0.027807244136671072,0.9444158035632961,0.8880024116232355,0.22460942365685288,6.512602718713694,0.9913126686871764,2.439854910842862,1.3477948247169961e-06,0.0,0.1644238382577896,0.16852699220180511,0.985925018787384,11.18274299359553,9.777972511449592,10.062496185302734,9.550169944763184,False,,False,56,0.2,0.24496939605285642,-0.20293879958965255,0.20712754690278293,14,10,mqbench-weight+fallback-act,0.9692307692307692,0.7000000000000001,0.4299388604346621,-0.007186493953336703,0.05174776360544676,,,,,0.13971907401981423,,none,False,True,False,False,False,False,False,False,False,False,,False,False,False,False,False,False,False,damper,False,stable
layer2.3.bn3,BatchNorm2d,0.4724652419167416,1.4951264491225529,1.0226612072058112,3.1645215700037164,0.057965272042945826,5.920024521496831,-3.493558486437809,1.3919138809719744,13.17531523572169,-0.5429619356077544,0.0,1.7344714403152466,N/A,N/A,N/A,N/A,N/A,N/A,False,,False,57,-0.05,0.11182576850283936,-0.23393702090853102,0.6726072830405925,2,3,fallback-act,0.9799162249740161,,,,,,,,,,,injection+amplification,True,True,True,True,False,False,True,False,False,False,,False,False,True,False,True,True,False,amplifier,False,inherits-from-upstream
layer3.0.conv1,Conv2d,0.6580864896374375,0.671329903310349,0.013243413672911486,1.020124123320337,0.7891579066008958,4.229162060484594,3.4612801487064204,1.1032395583866883,0.7863273410950686,1.9462741151147958e-08,0.0,0.6949052214622498,0.22773556411266327,0.9746875762939453,18.704576859184876,16.556610014704262,13.516253471374512,11.023442268371582,False,,False,58,-0.1,0.33919393606479986,-0.6579243759761318,0.6159330042576125,22,24,mqbench-weight+fallback-act,0.9799162249740161,2.3,0.5590270616238662,1.3804823101239594,1.9418563850131664e-05,,,,,0.00026215061197677747,,injection+amplification,True,True,True,False,False,False,True,False,True,False,2.3,True,True,False,True,True,True,False,amplifier,False,weight-limited+bias-correctable
layer3.0.bn1,BatchNorm2d,0.671329903310349,0.8065737722180745,0.13524386890772544,1.2014566433594476,0.679355447489917,0.6733085573935995,1.8671180855999294,1.023104509782278,30.880323037556956,-0.0009111628240467962,0.0,0.1549464911222458,N/A,N/A,N/A,N/A,N/A,N/A,False,,False,59,0.1,0.0706929893933952,-0.01627962000376805,0.07859768263876454,2,0,fallback-act,0.9692307692307692,,,,,,,,,,,injection+amplification,True,True,True,True,False,False,True,False,False,False,,False,False,True,False,True,True,False,amplifier,False,inherits-from-upstream
layer3.0.relu,ReLU,0.8065737722180745,0.8067088825326993,0.00013511031462487555,1.0001675114159159,0.6792610610572299,0.6735341500262825,1.8656632217779152,1.0232345375635972,30.880323037556956,0.004866896843423674,0.0,0.15494148433208466,N/A,N/A,N/A,N/A,N/A,N/A,False,,True,60,0.0,0.0,0.0,1.0,0,0,mqbench-act,1.0,,,,,-0.25,0.2784016949515141,-0.7079300376904354,0.8154027039483336,,0.9569024257163782,injection+amplification+zero-inflation,True,True,False,False,False,False,False,False,False,False,,False,False,False,False,False,False,True,amplifier,False,stable
layer3.0.conv2,Conv2d,0.8067088825326993,0.8274519744463206,0.020743091913621226,1.025713231083433,0.6780828769137314,5.4558471757538465,1.6451440679807405,1.1158993073801413,2.359293760449793,5.838822345344388e-07,0.0,0.8641685843467712,0.24205176532268524,0.971695065498352,6.824231259569225,5.888837150786722,25.29924964904785,23.459209442138672,False,,False,61,-0.05,0.21799658542194605,-0.4085724741943244,0.5907059789678728,9,10,mqbench-weight+fallback-act,0.9799162249740161,-0.25,0.39057012495998156,-0.8924306866193153,0.7389429290315278,,,,,0.884547612957873,,injection+amplification,True,True,True,False,False,False,True,False,False,False,,False,False,False,True,True,True,False,amplifier,False,weight-limited+weight-outlier+activation-outlier+bias-correctable
layer3.0.bn2,BatchNorm2d,0.8274519744463206,0.5085590445275551,-0.3188929299187655,0.6146085334654633,0.8716690800062029,0.8602648608538569,5.873172350444556,1.0321059091113118,0.4723622635150768,0.007042184167978693,0.0,0.30976516008377075,N/A,N/A,N/A,N/A,N/A,N/A,False,,False,62,-0.1,0.1,-0.2644853626951472,0.8413447460685429,1,3,fallback-act,0.9799162249740161,,,,,,,,,,,none,False,True,False,False,False,False,False,False,False,False,,False,False,False,False,False,False,False,damper,False,stable
layer3.0.conv3,Conv2d,0.5086086532663503,0.6074937945649058,0.09888514129855552,1.1944228448798548,0.8191290391520153,0.7730234301820094,4.329163078872298,1.0341716040738036,0.533144308379927,1.3526605100047833e-06,0.0,0.3432328402996063,0.18589380383491516,0.9829708933830261,8.438411712398514,7.571583141176187,15.869104385375977,15.423232078552246,False,,False,63,0.25,0.3428228606100801,-0.31389342567636924,0.2329275609964335,26,21,mqbench-weight+fallback-act,0.9692307692307692,0.75,0.540707806921847,-0.13938519733637633,0.08271009036288755,,,,,0.17865379518383712,,injection+amplification,True,True,True,True,False,False,True,False,False,False,,False,False,False,True,True,True,False,amplifier,False,weight-outlier+activation-outlier+bias-correctable
layer3.0.bn3,BatchNorm2d,0.6074937945649058,1.346221803974094,0.7387280094091883,2.216025605559105,0.3248640077031888,3.7408080198326887,-2.582332405872682,2.1409598498463196,16.8616563842827,-0.5717354988565251,0.0,1.0924429893493652,N/A,N/A,N/A,N/A,N/A,N/A,False,,False,64,0.1,0.1,-0.06448536269514724,0.15865525393145707,3,1,fallback-act,0.9692307692307692,,,,,,,,,,,injection+amplification,True,True,True,True,False,False,True,False,False,False,,False,False,True,False,True,True,False,amplifier,False,inherits-from-upstream
layer3.0.downsample.0,Conv2d,0.6580864896374375,0.5822560438443901,-0.07583044579304743,0.8847713074388975,0.8331261794415479,0.7621780609597966,4.697719895465625,1.0332932581720429,6.9173375325869415,1.459705586336097e-07,0.0,0.33022022247314453,0.25275719165802,0.9686747789382935,23.986266686499604,22.26915033036996,20.36424446105957,18.970476150512695,False,,False,65,0.4,0.25485775687257206,-0.019203705748566613,0.05826539688151146,17,9,mqbench-weight+fallback-act,0.9176800008838054,0.65,0.40295152930282285,-0.012796284459390628,0.05336169164251088,,,,,0.13971907401981423,,none,False,True,False,False,False,False,False,False,False,False,,False,False,False,False,False,False,False,damper,False,stable
layer3.0.downsample.1,BatchNorm2d,0.5822560438443901,0.6984289990887466,0.11617295524435645,1.199522111401911,0.771329801077375,0.7065275445276377,3.117554736486104,1.1288233577897369,6.49073788936429,0.0,0.0,0.3011791408061981,N/A,N/A,N/A,N/A,N/A,N/A,False,,False,66,0.0,0.10002500937890794,-0.16452649946275175,0.5,2,2,fallback-act,0.9692307692307692,,,,,,,,,,,injection+amplification,True,True,True,True,False,False,True,False,False,False,,False,False,True,False,True,True,False,amplifier,False,inherits-from-upstream
layer3.1.conv1,Conv2d,0.7554337607536735,0.6604874057834259,-0.09494635497024762,0.8743154464323616,0.7982800924844499,3.6935804912022183,3.6027091825154693,1.1319682972492044,6.798562508157017,6.617331991390306e-07,0.0,0.8116657137870789,0.29127031564712524,0.9588996171951294,8.966489089534559,7.922018292596905,25.296972274780273,23.50444221496582,False,,False,67,0.15,0.1936685409452861,-0.16855640200025354,0.21931191446043014,9,6,mqbench-weight+fallback-act,0.9692307692307692,-0.1,0.3808773211506342,-0.7264874431181814,0.6035519459788792,,,,,0.7949220751916944,,none,False,True,False,False,False,False,False,False,False,False,,False,False,False,False,False,False,False,damper,False,stable
layer3.1.bn1,BatchNorm2d,0.6604874057834259,0.7779132355826465,0.11742582979922056,1.177786629648052,0.702159795696008,0.33734320864385486,2.18137678537314,1.0369066231254969,34.74915439809979,0.007228150659677968,0.0,0.1694118082523346,N/A,N/A,N/A,N/A,N/A,N/A,False,,False,68,0.0,0.10002500937890794,-0.16452649946275175,0.5,2,2,fallback-act,0.9692307692307692,,,,,,,,,,,injection+amplification,True,True,True,True,False,False,True,False,False,False,,False,False,True,False,True,True,False,amplifier,False,inherits-from-upstream
layer3.1.relu,ReLU,0.7779132355826465,0.7783691455438956,0.00045590996124911243,1.000586067880575,0.7019002922687225,0.3377387365516351,2.1762877555548905,1.0378281840431482,34.74915439809979,0.019659061821139634,0.0,0.1694248765707016,N/A,N/A,N/A,N/A,N/A,N/A,False,,True,69,0.0,0.0,0.0,1.0,0,0,mqbench-act,1.0,,,,,-0.1,0.2829046084968471,-0.5653366713673252,0.6381342049434222,,0.9569024257163782,injection+amplification+zero-inflation,True,True,False,False,False,False,False,False,False,False,,False,False,False,False,False,False,True,amplifier,False,stable
layer3.1.conv2,Conv2d,0.7783691455438956,0.6302152432245448,-0.14815390231935077,0.809661131652609,0.8044733880955944,1.9277546454449088,4.010221932213886,1.0274572123113697,5.174322708772765,2.432842643893495e-06,0.0,0.5405974388122559,0.33222439885139465,0.9474700093269348,6.100385488709761,5.317755348442752,24.773075103759766,21.71339988708496,False,,False,70,0.3,0.2235620495410558,-0.06772684803631035,0.08981269819543619,13,7,mqbench-weight+fallback-act,0.9692307692307692,0.7000000000000001,0.39979359356889316,0.042398057586243376,0.03998126739633942,,,,,0.13971907401981423,,none,False,True,False,False,False,False,False,False,False,False,,False,False,False,False,False,False,False,damper,False,stable
layer3.1.bn2,BatchNorm2d,0.6302152432245448,0.7631743996408611,0.13295915641631628,1.2109741994433847,0.7122138286592621,0.42285083264720685,2.347524125648999,1.015324745522898,14.219487326596397,-0.005258910510004822,0.0,0.1705474555492401,N/A,N/A,N/A,N/A,N/A,N/A,False,,False,71,0.0,0.12250511724771311,-0.20150298642501627,0.5,3,3,fallback-act,0.9692307692307692,,,,,,,,,,,injection+amplification,True,True,True,True,False,False,True,False,False,False,,False,False,True,False,True,True,False,amplifier,False,inherits-from-upstream
layer3.1.conv3,Conv2d,0.7633776764567228,0.7756332749180234,0.012255598461300532,1.0160544365381312,0.7059571408871966,0.22461883875788474,2.206871356402483,1.0418053475822484,8.624517460680924,3.1237699547592474e-06,0.0,0.15659186244010925,0.2103283852338791,0.9782811403274536,12.552788692842173,10.767081010917035,14.731528282165527,13.701435089111328,False,,False,72,-0.25,0.22911786813504828,-0.6268653564013233,0.862394674075379,8,13,mqbench-weight+fallback-act,0.9799162249740161,0.5,0.4415568890223789,-0.2262964504138686,0.12874220383918367,,,,,0.2673876541275353,,injection+amplification,True,True,True,False,False,False,True,False,False,False,,False,False,False,True,True,True,False,amplifier,False,weight-limited+weight-outlier+activation-outlier
layer3.1.bn3,BatchNorm2d,0.7756332749180234,1.4287531904855002,0.6531199155674768,1.8420473137082793,0.02055179721943287,3.774930798277563,-3.099144264164055,1.1761497066169282,9.634762013592038,-0.530532997481677,0.0,1.3168805837631226,N/A,N/A,N/A,N/A,N/A,N/A,False,,False,73,-0.2,0.1413859787867904,-0.4325592400075361,0.9214023173612355,2,6,fallback-act,0.9799162249740161,,,,,,,,,,,injection+amplification,True,True,True,True,False,False,True,False,False,False,,False,False,True,False,True,True,False,amplifier,False,inherits-from-upstream
layer3.2.conv1,Conv2d,0.7647242904921956,0.6033660214934227,-0.16135826899877292,0.7889981121236272,0.8196504188637515,2.2602431141600317,4.388383014589934,0.9930601854128489,0.8291128982982392,7.785096460459183e-08,0.0,0.5290055871009827,0.32321035861968994,0.9499598741531372,9.836125321750709,8.161384234416328,26.01504135131836,23.424030303955078,False,,False,74,0.05,0.21799658542194605,-0.30857247419432443,0.40929402103212714,10,9,mqbench-weight+fallback-act,0.9692307692307692,0.1,0.36063836459118914,-0.4931973220156649,0.3907802219228709,,,,,0.5925333749960753,,none,False,True,False,False,False,False,False,False,False,False,,False,False,False,False,False,False,False,damper,False,stable
layer3.2.bn1,BatchNorm2d,0.6033660214934227,0.7162133994883516,0.11284737799492894,1.1870297198964146,0.7296717309167522,0.20376270887803058,2.8991511624495097,0.8833222317025027,22.853909038229688,1.1054836973833915e-05,0.0,0.0902644619345665,N/A,N/A,N/A,N/A,N/A,N/A,False,,False,75,0.0,0.07072836242007383,-0.11633780345499664,0.5,1,1,fallback-act,0.9692307692307692,,,,,,,,,,,injection+amplification,True,True,True,True,False,False,True,False,False,False,,False,False,True,False,True,True,False,amplifier,False,inherits-from-upstream
layer3.2.relu,ReLU,0.7162133994883516,0.7164066198057482,0.00019322031739654744,1.0002697803720715,0.7295531538346188,0.20387266606700663,2.896808195940161,0.8836522615560388,22.853909038229688,0.006744034436284241,0.0,0.09026289731264114,N/A,N/A,N/A,N/A,N/A,N/A,False,,True,76,-0.1,0.0706929893933952,-0.21627962000376805,0.9214023173612355,0,2,mqbench-act,0.9799162249740161,,,,,-0.4,0.2827719575735808,-0.8651184800150722,0.9214023173612355,,0.9569024257163782,injection+amplification+zero-inflation,True,True,False,False,False,False,False,False,False,False,,False,False,False,False,False,False,True,amplifier,False,stable
layer3.2.conv2,Conv2d,0.7164066198057482,0.5809143117560963,-0.13549230804965184,0.8108723393896189,0.8184061280624307,0.794779548839647,4.717758477012395,0.8378404933142367,0.9840359785366086,2.530156349649235e-07,0.0,0.2338988035917282,0.2908163368701935,0.9596709609031677,5.5561723104393,4.981607788107729,24.93744659423828,17.962753295898438,False,,False,77,0.05,0.19369436944417662,-0.26859888610033233,0.3981499579210246,8,7,mqbench-weight+fallback-act,0.9692307692307692,0.3,0.36058287536293576,-0.2931060503573156,0.20270834839888263,,,,,0.3856857769913889,,none,False,True,False,False,False,False,False,False,False,False,,False,False,False,False,False,False,False,damper,False,stable
layer3.2.bn2,BatchNorm2d,0.5809143117560963,0.6046410507537507,0.02372673899765443,1.0408437845608052,0.8100167115657215,0.24560908152132618,4.37004741406651,0.8996015615755353,11.046302780670405,-0.018073023581991365,0.0,0.08271253854036331,N/A,N/A,N/A,N/A,N/A,N/A,False,,False,78,0.05,0.08661698015184618,-0.09247225395834786,0.2818839347970553,2,1,fallback-act,0.9692307692307692,,,,,,,,,,,injection+amplification,True,True,True,False,False,False,True,False,False,False,,False,False,True,False,True,True,False,amplifier,False,inherits-from-upstream
layer3.2.conv3,Conv2d,0.6048268903475595,0.5884822710413343,-0.016344619306225217,0.9729763680036896,0.8176202781414185,0.09938323011203688,4.605332328624979,0.8938911101538801,2.46903191291017,1.5180938097895408e-06,0.0,0.07124854624271393,0.1857859194278717,0.9830021262168884,11.915693222611281,10.98256973076484,13.198707580566406,11.370282173156738,False,,False,79,-0.05,0.20620380696049842,-0.38917507977017707,0.5957953119689942,8,9,mqbench-weight+fallback-act,0.9799162249740161,0.3,0.3674540940792846,-0.3044081993844788,0.20712754690278293,,,,,0.3856857769913889,,none,False,True,False,False,False,False,False,False,False,False,,False,False,False,False,False,False,False,propagator,False,stable
layer3.2.bn3,BatchNorm2d,0.5884822710413343,1.3539302988695812,0.7654480278282468,2.300715527884582,0.045896947072675616,3.144706122729243,-2.631926143769958,0.9882880030716713,10.13422627244408,-0.5243612552175716,0.0,1.1700536012649536,N/A,N/A,N/A,N/A,N/A,N/A,False,,False,80,0.1,0.1414390416442738,-0.13264652064112406,0.23977753249242445,5,3,fallback-act,0.9692307692307692,,,,,,,,,,,injection+amplification,True,True,True,True,False,False,True,False,False,False,,False,False,True,False,True,True,False,amplifier,False,inherits-from-upstream
layer3.3.conv1,Conv2d,0.7794113358149278,0.6434981190992277,-0.1359132167157001,0.8256206825968299,0.7997380921779559,2.318549107532112,3.829054363413187,1.051984804774012,0.9393871577709003,5.8388223453443876e-08,0.0,0.4840865135192871,0.29928624629974365,0.9568396210670471,8.745341557960693,7.563572982795846,21.110525131225586,19.883216857910156,False,,False,81,0.05,0.23984893945331182,-0.344516397980244,0.41743313179092756,12,11,mqbench-weight+fallback-act,0.9692307692307692,1.4000000000000001,0.4112232389787061,0.7235979638791433,0.00033145458711176704,,,,,0.0022373184630044276,,none,False,True,False,False,False,False,False,False,False,False,1.4000000000000001,False,False,False,False,False,False,False,damper,False,stable
layer3.3.bn1,BatchNorm2d,0.6434981190992277,0.7476870381050388,0.10418891900581106,1.1619102152958198,0.7076523875657772,0.23793591406880593,2.5256029642564854,0.898302404182676,43.86778470201026,0.0018425182420380715,0.0,0.09525852650403976,N/A,N/A,N/A,N/A,N/A,N/A,False,,False,82,-0.05,0.08661698015184618,-0.19247225395834788,0.7181160652029447,1,2,fallback-act,0.9799162249740161,,,,,,,,,,,injection+amplification,True,True,True,True,False,False,True,False,False,False,,False,False,True,False,True,True,False,amplifier,False,inherits-from-upstream
layer3.3.relu,ReLU,0.7476870381050388,0.7482030728853307,0.0005160347802919407,1.000690174837857,0.707333868944495,0.2382644621693358,2.5196102495565382,0.8992138152304268,43.86778470201026,0.012891633169991645,0.0,0.09527018666267395,N/A,N/A,N/A,N/A,N/A,N/A,False,,True,83,-0.05,0.08661698015184618,-0.19247225395834788,0.7181160652029447,1,2,mqbench-act,0.9799162249740161,,,,,-0.2,0.22361798340305866,-0.5678188510520952,0.8144413505727763,,0.9569024257163782,injection+amplification+zero-inflation,True,True,False,False,False,False,False,False,False,False,,False,False,False,False,False,False,True,amplifier,False,stable
layer3.3.conv2,Conv2d,0.7482030728853307,0.5968224310850933,-0.15138064180023747,0.7976743917711255,0.8139359087222067,0.8992006827373894,4.483097252483558,0.9271470471108912,2.3153077510817353,2.335528938137755e-07,0.0,0.2685096561908722,0.3011866509914398,0.9565441012382507,5.418526414934298,4.915091505181369,29.219768524169922,23.850955963134766,False,,False,84,-0.3,0.1999374589559117,-0.6288678545270925,0.9332535475943011,5,11,mqbench-weight+fallback-act,0.9799162249740161,-0.05,0.3841517099638294,-0.6818733334336149,0.5517788578031899,,,,,0.7516593172985002,,none,False,True,False,False,False,False,False,False,False,False,,False,False,False,False,False,False,False,damper,False,stable
layer3.3.bn2,BatchNorm2d,0.5968224310850933,0.6413942634991787,0.044571832414085466,1.0746818988238238,0.7928446940946825,0.32112758743519687,3.8574985726477653,0.9645213143806469,21.779229290102023,-0.01918058979267978,0.0,0.10830912739038467,N/A,N/A,N/A,N/A,N/A,N/A,False,,False,85,-0.05,0.08661698015184618,-0.19247225395834788,0.7181160652029447,1,2,fallback-act,0.9799162249740161,,,,,,,,,,,injection+amplification,True,True,True,True,False,False,True,False,False,False,,False,False,True,False,True,True,False,amplifier,False,inherits-from-upstream
layer3.3.conv3,Conv2d,0.6419012916908332,0.615994079185757,-0.025907212505076216,0.9596398810215291,0.8068937995808764,0.13265839462377588,4.2084692433774595,0.975585261779514,2.8979539408502157,1.6543329978475767e-06,0.0,0.08616410940885544,0.18483896553516388,0.9831892251968384,12.14754842883607,10.426225799175743,13.287571907043457,10.964326858520508,False,,False,86,-0.2,0.2549755012802731,-0.6193973780646269,0.7835940793120171,11,15,mqbench-weight+fallback-act,0.9799162249740161,-0.5,0.40614957680560204,-1.1680566044935001,0.8908523208449759,,,,,0.962120506512574,,none,False,True,False,False,False,False,False,False,False,False,,False,False,False,False,False,False,False,propagator,False,stable
layer3.3.bn3,BatchNorm2d,0.615994079185757,1.4222877934119649,0.8062937142262079,2.308930948316899,0.012781339430579136,3.221474199878926,-3.0597496556472317,0.964623510875727,20.513381235993865,-0.5949268438378159,0.0,1.2352668046951294,N/A,N/A,N/A,N/A,N/A,N/A,False,,False,87,-0.1,0.1414390416442738,-0.3326465206411241,0.7602224675075755,3,5,fallback-act,0.9799162249740161,,,,,,,,,,,injection+amplification,True,True,True,True,False,False,True,False,False,False,,False,False,True,False,True,True,False,amplifier,False,inherits-from-upstream
layer3.4.conv1,Conv2d,0.7942028495757636,0.6489740154553791,-0.14522883412038445,0.8171388654699983,0.7846913084668637,2.1414278186097437,3.7554538350330446,0.9503286208514463,3.725071397653328,3.697920818718112e-06,0.0,0.415206640958786,0.28963756561279297,0.9597917795181274,8.80845206210211,7.04738884044852,21.74974250793457,18.823631286621094,False,,False,88,-0.3,0.2120789681801856,-0.6488388600113042,0.9214023173612355,6,12,mqbench-weight+fallback-act,0.9799162249740161,0.1,0.39379250407814265,-0.5477310285992354,0.3997706307457457,,,,,0.5925333749960753,,none,False,True,False,False,False,False,False,False,False,False,,False,False,False,False,False,False,False,damper,False,stable
layer3.4.bn1,BatchNorm2d,0.6489740154553791,0.764440823674777,0.11546680821939781,1.1779220823477436,0.6893618964275285,0.20783544681510147,2.333122564646323,0.8575969592084328,244.52020152415275,-0.005910600934709853,0.0,0.0709524154663086,N/A,N/A,N/A,N/A,N/A,N/A,False,,False,89,-0.05,0.05000000000000001,-0.1322426813475736,0.8413447460685428,0,1,fallback-act,0.9799162249740161,,,,,,,,,,,injection+amplification,True,True,True,True,False,False,True,False,False,False,,False,False,True,False,True,True,False,amplifier,False,inherits-from-upstream
layer3.4.relu,ReLU,0.764440823674777,0.7658222640396268,0.001381440364849884,1.0018071253157428,0.6884762642903102,0.20858729493861294,2.317440239291243,0.8599455779771868,244.52020152415275,0.011549482540208489,0.0,0.07093364000320435,N/A,N/A,N/A,N/A,N/A,N/A,False,,True,90,0.05,0.08661698015184618,-0.09247225395834786,0.2818839347970553,2,1,mqbench-act,0.9692307692307692,,,,,-0.2,0.18707618434577575,-0.5077129403373914,0.8574839024969046,,0.9569024257163782,injection+amplification+zero-inflation,True,True,True,False,False,False,True,False,False,False,,False,False,False,True,True,True,False,amplifier,False,activation-clipping
layer3.4.conv2,Conv2d,0.7658222640396268,0.5736020703121716,-0.19222019372745525,0.7490015598220987,0.8233807961408585,0.7678203242165702,4.827785796612332,0.8383314780369762,3.834023179154533,4.6652190539301656e-05,0.0,0.22742481529712677,0.26557356119155884,0.9660730361938477,5.264390333944558,4.913476181802124,20.454368591308594,15.709178924560547,False,,False,91,0.0,0.2121850872602215,-0.34901341036498995,0.5,9,9,mqbench-weight+fallback-act,0.9692307692307692,0.5,0.3463162824409818,-0.06963959324539937,0.0744022719747999,,,,,0.17468359507126932,,none,False,True,False,False,False,False,False,False,False,False,,False,False,False,False,False,False,False,damper,False,stable
layer3.4.bn2,BatchNorm2d,0.5736020703121716,0.6588662375629284,0.0852641672507568,1.1486468959297051,0.78110273825594,0.3621239710827263,3.624054930724641,0.9715639346615467,14.760819572192254,-0.017103993162816966,0.0,0.09685248136520386,N/A,N/A,N/A,N/A,N/A,N/A,False,,False,92,-0.05,0.08661698015184618,-0.19247225395834788,0.7181160652029447,1,2,fallback-act,0.9799162249740161,,,,,,,,,,,injection+amplification,True,True,True,True,False,False,True,False,False,False,,False,False,True,False,True,True,False,amplifier,False,inherits-from-upstream
layer3.4.conv3,Conv2d,0.6591175778793594,0.6497228995745644,-0.009394678304795012,0.9857465820665542,0.7855476274475737,0.13947511449152108,3.7454365239011853,0.9779853469600351,3.18571666658526,2.286872085259885e-07,0.0,0.09063352644443512,0.1737927347421646,0.9850810766220093,15.469805225165558,13.246387685643564,12.195978164672852,10.094999313354492,False,,False,93,0.0,0.2121850872602215,-0.34901341036498995,0.5,9,9,mqbench-weight+fallback-act,0.9692307692307692,-0.15,0.34285204354339355,-0.7139414273300749,0.6691279709657291,,,,,0.840300242608125,,none,False,True,False,False,False,False,False,False,False,False,,False,False,False,False,False,False,False,propagator,False,stable
layer3.4.bn3,BatchNorm2d,0.6497228995745644,1.6505949648290568,1.0008720652544922,2.5404598882229004,0.020648525196494134,3.903901431025291,-4.352810319037469,1.619644747531254,21.83718167652457,-0.6062627325252611,0.0,1.2787132263183594,N/A,N/A,N/A,N/A,N/A,N/A,False,,False,94,-0.1,0.12248469802642821,-0.3014693997948263,0.7928724530972171,2,4,fallback-act,0.9799162249740161,,,,,,,,,,,injection+amplification,True,True,True,True,False,False,True,False,False,False,,False,False,True,False,True,True,False,amplifier,False,inherits-from-upstream
layer3.5.conv1,Conv2d,0.8249365876929463,0.6535447451240622,-0.17139184256888407,0.7922363426160961,0.792930502033797,2.29507336324575,3.6944934594428984,1.023959351815419,1.5317237328113187,0.0,0.0,0.42528167366981506,0.2425583451986313,0.9714651703834534,7.728371919876508,6.74768120205157,20.08837127685547,15.89882755279541,False,,False,95,-0.2,0.21213792977830556,-0.5489358432098226,0.8271040047458389,7,11,mqbench-weight+fallback-act,0.9799162249740161,-0.05,0.3571589719797514,-0.6374742304591533,0.5556675093692085,,,,,0.7516593172985002,,none,False,True,False,False,False,False,False,False,False,False,,False,False,False,False,False,False,False,damper,False,stable
layer3.5.bn1,BatchNorm2d,0.6535447451240622,0.8189987169347737,0.16545397181071142,1.25316395402935,0.6410160844798799,0.24574181498313435,1.7343355723272633,0.857638750648348,50.39324898921025,0.00483433081179252,0.0,0.07791975140571594,N/A,N/A,N/A,N/A,N/A,N/A,False,,False,96,-0.05,0.08661698015184618,-0.19247225395834788,0.7181160652029447,1,2,fallback-act,0.9799162249740161,,,,,,,,,,,injection+amplification,True,True,True,True,False,False,True,False,False,False,,False,False,True,False,True,True,False,amplifier,False,inherits-from-upstream
layer3.5.relu,ReLU,0.8189987169347737,0.8191734862571637,0.00017476932239002263,1.00021339389034,0.6408712653070439,0.24584670577730453,1.7324822542826768,0.8577474065226172,50.39324898921025,0.010807815863161707,0.0,0.07792314887046814,N/A,N/A,N/A,N/A,N/A,N/A,False,,True,97,0.05,0.08661698015184618,-0.09247225395834786,0.2818839347970553,2,1,mqbench-act,0.9692307692307692,,,,,0.0,0.2236627204212922,-0.3678924368987956,0.5,,0.9569024257163782,injection+amplification+zero-inflation,True,True,False,False,False,False,False,False,False,False,,False,False,False,False,False,False,True,amplifier,False,stable
layer3.5.conv2,Conv2d,0.8191734862571637,0.6199566528835143,-0.19921683337364937,0.7568075179240981,0.7913620323457591,0.9787969151321723,4.152773502667613,0.79063562741181,1.5737170852915954,5.8388223453443876e-08,0.0,0.30238208174705505,0.24589963257312775,0.9709568619728088,6.815853830631271,6.26632462231156,16.94577980041504,12.916484832763672,False,,False,98,-0.35000000000000003,0.16568788802480122,-0.6225323235595237,0.9826741566298487,2,9,mqbench-weight+fallback-act,1.0,0.25,0.28724554827272997,-0.22247688190206405,0.19205853995932354,,,,,0.3841170799186471,,none,False,True,False,False,False,False,False,False,False,False,,False,False,False,False,False,False,False,damper,False,stable
layer3.5.bn2,BatchNorm2d,0.6199566528835143,0.7187369441214767,0.09878029123796239,1.1593341901865557,0.7310591528612713,0.44196487446220556,2.868600624063583,0.8912056843219273,14.629829703851517,-0.01626641409737717,0.0,0.12988200783729553,N/A,N/A,N/A,N/A,N/A,N/A,False,,False,99,-0.05,0.08661698015184618,-0.19247225395834788,0.7181160652029447,1,2,fallback-act,0.9799162249740161,,,,,,,,,,,injection+amplification,True,True,True,True,False,False,True,False,False,False,,False,False,True,False,True,True,False,amplifier,False,inherits-from-upstream
layer3.5.conv3,Conv2d,0.7188796676486272,0.6248418354196555,-0.09403783222897166,0.8691883545175807,0.7899006005384854,0.21922907902269947,4.084598011435402,0.8871473327136089,2.455594289902316,1.1239733014787947e-06,0.0,0.12028646469116211,0.15298624336719513,0.9884275197982788,14.891884583992548,13.652885376882267,14.342918395996094,11.995230674743652,False,,False,100,0.05,0.19369436944417667,-0.26859888610033245,0.39814995792102464,8,7,mqbench-weight+fallback-act,0.9692307692307692,0.6,0.3238401399118229,0.06733037131356578,0.03195795288404387,,,,,0.13274841967218223,,none,False,True,False,False,False,False,False,False,False,False,,False,False,False,False,False,False,False,damper,False,stable
layer3.5.bn3,BatchNorm2d,0.6248418354196555,1.8264522627240944,1.201610427304439,2.923063340497063,-0.0027817103683550745,3.8410898714649435,-5.23216651418962,2.005738364497458,25.686828751202295,-0.6463078284750179,0.0,1.3036015033721924,N/A,N/A,N/A,N/A,N/A,N/A,False,,False,101,0.0,0.10002500937890794,-0.16452649946275175,0.5,2,2,fallback-act,0.9692307692307692,,,,,,,,,,,injection+amplification,True,True,True,True,False,False,True,False,False,False,,False,False,True,False,True,True,False,amplifier,False,inherits-from-upstream
layer4.0.conv1,Conv2d,0.8469875408366263,0.6582586276676085,-0.18872891316901785,0.7771762817401096,0.7994254031243679,2.693778641369878,3.6320687994282768,1.1059218061410994,1.233726442390636,1.5570192920918366e-07,0.0,0.44421666860580444,0.2200314849615097,0.9764645099639893,17.38899548688855,16.476208014987726,21.483627319335938,17.92879295349121,False,,False,102,0.1,0.3162989448468894,-0.4202654666323298,0.37594182259179987,21,19,mqbench-weight+fallback-act,0.9692307692307692,0.6,0.43001448374225026,-0.10731088322510529,0.08146241886442768,,,,,0.17865379518383712,,none,False,True,False,False,False,False,False,False,False,False,,False,False,False,False,False,False,False,damper,False,stable
layer4.0.bn1,BatchNorm2d,0.6582586276676085,0.9634641125240906,0.30520548485648213,1.4636558823967247,0.5410461946926788,0.3510105950491769,0.32328914944975395,1.0188661919468114,62.86046105427177,-0.0023839522381218226,0.0,0.06742366403341293,N/A,N/A,N/A,N/A,N/A,N/A,False,,False,103,0.0,0.07072836242007383,-0.11633780345499664,0.5,1,1,fallback-act,0.9692307692307692,,,,,,,,,,,injection+amplification,True,True,True,True,False,False,True,False,False,False,,False,False,True,False,True,True,False,amplifier,False,inherits-from-upstream
layer4.0.relu,ReLU,0.9634641125240906,0.9635650212073493,0.00010090868325873803,1.0001047352796508,0.5409647877403482,0.3510841252852459,0.32237947800600997,1.0189563049303432,62.86046105427177,0.0010251804273956333,0.0,0.06742068380117416,N/A,N/A,N/A,N/A,N/A,N/A,False,,True,104,0.2,0.17319063917761074,-0.08487325100533677,0.12408681908631616,8,4,mqbench-act,0.9692307692307692,,,,,-0.15,0.18029143768146794,-0.4465530251786578,0.7972916516011173,,0.9569024257163782,injection+amplification+zero-inflation,True,True,False,False,False,False,False,False,False,False,,False,False,False,False,False,False,True,amplifier,False,stable
layer4.0.conv2,Conv2d,0.9635650212073493,0.7877724809520532,-0.17579254025529611,0.817560272128779,0.700387753200455,2.212149522742447,2.0719838871258904,1.076927603282963,2.1046715204839392,3.8925482302295915e-08,0.0,0.370963454246521,0.19342602789402008,0.9817244410514832,9.309355371754446,8.395396386468638,24.244182586669922,21.2532958984375,False,,False,105,-0.1,0.20003751524089644,-0.42903243247034895,0.6914294471537858,7,9,mqbench-weight+fallback-act,0.9799162249740161,0.5499999999999999,0.34264771081515116,-0.01360532990092067,0.05423071137086859,,,,,0.13971907401981423,,none,False,True,False,False,False,False,False,False,False,False,,False,False,False,False,False,False,False,damper,False,stable
layer4.0.bn2,BatchNorm2d,0.7877724809520532,0.7936117035951432,0.005839222643090003,1.0074123211768367,0.7049164771325209,0.6583686604791757,2.0078387230929233,1.126493811220407,8.496891601456525,0.008795485204579956,0.0,0.1499188393354416,N/A,N/A,N/A,N/A,N/A,N/A,False,,False,106,0.0,0.07072836242007383,-0.11633780345499664,0.5,1,1,fallback-act,0.9692307692307692,,,,,,,,,,,injection+amplification,True,True,True,False,False,False,True,False,False,False,,False,False,True,False,True,True,False,amplifier,False,inherits-from-upstream
layer4.0.conv3,Conv2d,0.7936765392819004,0.7308239043137849,-0.06285263496811555,0.9208082488806043,0.7470192124598937,0.5607937428416038,2.7237451174193996,1.1106438172469684,3.111628143731477,0.0,0.0,0.17042270302772522,0.15208114683628082,0.9885877966880798,9.099875632145402,8.952039879465007,20.88726806640625,20.476377487182617,False,,False,107,-0.05,0.2872977897757047,-0.5225628115277094,0.569081198694106,16,17,mqbench-weight+fallback-act,0.9799162249740161,0.3,0.4000437694912325,-0.35801344518699246,0.22665206411866445,,,,,0.407973715413596,,none,False,True,False,False,False,False,False,False,False,False,,False,False,False,False,False,False,False,damper,False,stable
layer4.0.bn3,BatchNorm2d,0.7308239043137849,3.776411673813451,3.0455877694996665,5.167334636323034,0.04224462495363021,17.001733585279815,-11.541586629470736,8.355263375704526,133.84065404769785,-0.8931488698842575,0.0,2.8488094806671143,N/A,N/A,N/A,N/A,N/A,N/A,False,,False,108,0.0,0.0,0.0,1.0,0,0,fallback-act,1.0,,,,,,,,,,,injection+amplification,True,True,True,True,False,False,True,False,False,False,,False,False,True,False,True,True,False,amplifier,False,inherits-from-upstream
layer4.0.downsample.0,Conv2d,0.8469875408366263,0.7543023508358528,-0.09268519000077347,0.8905707752097249,0.7322550240787227,0.6731911800345596,2.449090775458454,1.1066602282420304,6.227120040591727,1.5570192920918366e-07,0.0,0.22528010606765747,0.1988506019115448,0.9806989431381226,19.299528229593072,17.07790379828271,24.30988311767578,21.76392936706543,False,,False,109,-0.15,0.28728037699693965,-0.6225341700554025,0.6992128730594851,15,18,mqbench-weight+fallback-act,0.9799162249740161,0.3,0.4416475135932857,-0.42644551456801555,0.24848189921154012,,,,,0.43283943733623115,,none,False,True,False,False,False,False,False,False,False,False,,False,False,False,False,False,False,False,damper,False,stable
layer4.0.downsample.1,BatchNorm2d,0.7543023508358528,0.6714361129485034,-0.08286623788734948,0.8901418803805606,0.7899199143658052,5.640184168912927,3.459906081763615,1.1732766534501462,3.1627571016478884,0.0,0.0,0.6497776508331299,N/A,N/A,N/A,N/A,N/A,N/A,False,,False,110,0.2,0.09992493430694925,0.03563810938232695,0.02266913545373544,4,0,fallback-act,0.5712622134341332,,,,,,,,,,,none,False,True,False,False,False,False,False,False,False,False,,False,False,False,False,False,False,False,damper,False,stable
layer4.1.conv1,Conv2d,1.030507304778081,0.7807381219817779,-0.2497691827963031,0.7576250244532806,0.7168088135649046,3.8567811031730805,2.14989228661132,1.0233094767697646,18.863690909113917,1.3623918805803572e-05,0.0,0.49242061376571655,0.2505697011947632,0.9695948958396912,14.678780799162942,11.65708435055602,29.001224517822266,26.856704711914062,False,,False,111,-0.15,0.2693046834094297,-0.5929667852610184,0.7112328494139534,13,16,mqbench-weight+fallback-act,0.9799162249740161,-0.2,0.387369368321447,-0.8371659104534328,0.6971786291347551,,,,,0.8556283175744723,,none,False,True,False,False,False,False,False,False,False,False,,False,False,False,False,False,False,False,damper,False,stable
layer4.1.bn1,BatchNorm2d,0.7807381219817779,0.8918612175375488,0.11112309555577082,1.142330818013219,0.5604199915390138,0.26590362008737056,0.9940544180129822,0.7956551682000212,122.37285046750848,0.03063162978814571,0.0,0.0735267624258995,N/A,N/A,N/A,N/A,N/A,N/A,False,,False,112,-0.15,0.13227811137665477,-0.3675781312641814,0.8715973694490677,2,5,fallback-act,0.9799162249740161,,,,,,,,,,,injection+amplification,True,True,True,True,False,False,True,False,False,False,,False,False,True,False,True,True,False,amplifier,False,inherits-from-upstream
layer4.1.relu,ReLU,0.8918612175375488,0.8923941350620245,0.0005329175244757067,1.0005975341387163,0.5600401423400082,0.2662214880086938,0.9888658524473111,0.7966858042580455,122.37285046750848,0.04582720386738681,0.0,0.07356944680213928,N/A,N/A,N/A,N/A,N/A,N/A,False,,True,113,-0.1,0.12248469802642822,-0.3014693997948263,0.7928724530972171,2,4,mqbench-act,0.9799162249740161,,,,,-0.2,0.15809015228066564,-0.4600351603641634,0.8970824267188744,,0.9569024257163782,injection+amplification+zero-inflation,True,True,False,False,False,False,False,False,False,False,,False,False,False,False,False,False,True,amplifier,False,stable
layer4.1.conv2,Conv2d,0.8923941350620245,0.6213940174741674,-0.271000117587857,0.6963223905891968,0.7857222104377919,1.2238996028900146,4.132658645388637,0.697501885955744,5.6693944294776895,1.5570192920918366e-07,0.0,0.2862972617149353,0.2616008222103119,0.9671540260314941,11.488456024772109,10.482446004086766,27.024452209472656,19.864768981933594,False,,False,114,-0.35000000000000003,0.25975466548865217,-0.777258403646576,0.9110783465774058,10,17,mqbench-weight+fallback-act,0.9799162249740161,-0.05,0.35008574666073955,-0.6258398101389318,0.5567846794803706,,,,,0.7516593172985002,,none,False,True,False,False,False,False,False,False,False,False,,False,False,False,False,False,False,False,damper,False,stable
layer4.1.bn2,BatchNorm2d,0.6213940174741674,0.8346203257707863,0.21322630829661882,1.3431418750430488,0.6272158197153874,0.3051394163345804,1.5702208597135139,0.8442134341042579,22.381644272108947,-0.014351786399374178,0.0,0.08486710488796234,N/A,N/A,N/A,N/A,N/A,N/A,False,,False,115,0.05,0.05000000000000001,-0.03224268134757362,0.1586552539314571,1,0,fallback-act,0.9692307692307692,,,,,,,,,,,injection+amplification,True,True,True,True,False,False,True,False,False,False,,False,False,True,False,True,True,False,amplifier,False,inherits-from-upstream
layer4.1.conv3,Conv2d,0.8347625517283176,0.6700388463580582,-0.16472370537025938,0.802669986777425,0.7468031110423128,0.2075688984929299,3.478000355837639,0.8044422780975051,10.14876347864915,7.785096460459183e-08,0.0,0.13705287873744965,0.17478561401367188,0.9849919676780701,27.089407137358688,20.400560829709658,18.446622848510742,16.192235946655273,False,,False,116,-0.15,0.28728037699693965,-0.6225341700554025,0.6992128730594851,15,18,mqbench-weight+fallback-act,0.9799162249740161,0.6,0.3603955361422163,0.007202095239355111,0.047972591024545166,,,,,0.13971907401981423,,none,False,True,False,False,False,False,False,False,False,False,,False,False,False,False,False,False,False,damper,False,stable
layer4.1.bn3,BatchNorm2d,0.6700388463580582,3.872226191436881,3.2021873450788227,5.77910700623412,-0.039364613594743594,11.817696162632533,-11.759214363345581,4.6869896193807605,263.3854999685108,-0.9252365949202557,0.0,2.8403663635253906,N/A,N/A,N/A,N/A,N/A,N/A,False,,False,117,0.05,0.05000000000000001,-0.03224268134757362,0.1586552539314571,1,0,fallback-act,0.9692307692307692,,,,,,,,,,,injection+amplification,True,True,True,True,False,False,True,False,False,False,,False,False,True,False,True,True,False,amplifier,False,inherits-from-upstream
layer4.2.conv1,Conv2d,1.0682366084156356,0.8132366298642858,-0.2549999785513498,0.7612888600311543,0.6161246362178487,3.996868055693957,1.7956613613868466,0.6530529432391969,84.51412501707372,4.733338647959184e-05,0.0,0.39220884442329407,0.3994309902191162,0.9247498512268066,26.76296553862217,32.905641242135964,28.06272315979004,26.47858428955078,False,,False,118,0.0,0.2916205089849312,-0.4796730518972985,0.5,17,17,mqbench-weight+fallback-act,0.9692307692307692,0.8500000000000001,0.4921990247247246,0.040404648999559534,0.04208888845302287,,,,,0.13971907401981423,,none,False,True,False,False,False,False,False,False,False,False,,False,False,False,False,False,False,False,damper,False,stable
layer4.2.bn1,BatchNorm2d,0.8132366298642858,1.0574791680347364,0.2442425381704506,1.300333911682274,0.4620534100094538,0.1336087122255442,-0.4854364136758976,1.0453512671340608,349.4307570186591,-0.03465457838408803,0.0,0.048188790678977966,N/A,N/A,N/A,N/A,N/A,N/A,False,,False,119,0.05,0.11182576850283939,-0.13393702090853105,0.3273927169594075,3,2,fallback-act,0.9692307692307692,,,,,,,,,,,injection+amplification,True,True,True,True,False,False,True,False,False,False,,False,False,True,False,True,True,False,amplifier,False,inherits-from-upstream
layer4.2.relu,ReLU,1.0574791680347364,1.0583199501149445,0.0008407820802081023,1.0007950814594018,0.46157457523292933,0.13382125630670663,-0.49233965952765474,1.0471398078765415,349.4307570186591,-0.019457058030731833,0.0,0.04814781993627548,N/A,N/A,N/A,N/A,N/A,N/A,False,,True,120,0.44999999999999996,0.16556707471026377,0.17766639665907724,0.003284569895703607,10,1,mqbench-act,0.20692790342932724,,,,,0.05,0.16586894300358512,-0.222830132498054,0.381538427543218,,0.9569024257163782,injection+amplification,True,True,False,False,False,False,False,False,False,False,,False,False,False,False,False,False,True,amplifier,False,stable
layer4.2.conv2,Conv2d,1.0583199501149445,0.7065879013956232,-0.3517320487193213,0.6676505543705195,0.7381073550206805,0.5397843852335092,3.0166760615474795,0.7908805865512218,14.33432426339035,1.1677644690688775e-07,0.0,0.1759226769208908,0.27792713046073914,0.9631048440933228,19.514091443863467,16.829092967312864,29.811809539794922,21.958637237548828,False,,False,121,-0.25,0.19361687361093666,-0.5684714167979539,0.9016845269321767,5,10,mqbench-weight+fallback-act,0.9799162249740161,0.75,0.36370990149599053,0.15175044936615734,0.019599917909393656,,,,,0.09621777882793249,,none,False,True,False,False,False,False,False,False,False,False,,False,False,False,False,False,False,False,damper,False,stable
layer4.2.bn2,BatchNorm2d,0.7065879013956232,0.870259768855603,0.16367186745997975,1.2316369515196932,0.6269172082692718,0.2482171593880167,1.2070218593217206,1.0397294648853443,53.901624936425925,0.01116125924246647,0.0,0.08007164299488068,N/A,N/A,N/A,N/A,N/A,N/A,False,,False,122,0.0,0.07072836242007383,-0.11633780345499664,0.5,1,1,fallback-act,0.9692307692307692,,,,,,,,,,,injection+amplification,True,True,True,True,False,False,True,False,False,False,,False,False,True,False,True,True,False,amplifier,False,inherits-from-upstream
layer4.2.conv3,Conv2d,0.870185634524421,0.949524250554803,0.07933861603038206,1.091174357381506,0.4013359814395962,0.2687577240321101,0.4498787807795599,0.7657233248808424,3.2019353682040244,9.34211575255102e-07,0.0,0.31642264127731323,0.1646234542131424,0.9866923689842224,97.6047197640118,56.2776571297881,17.196870803833008,13.692378997802734,False,,False,123,0.1,0.2550049288874206,-0.31944578217097597,0.34747395763771344,14,12,mqbench-weight+fallback-act,0.9692307692307692,0.15,0.39694777208958293,-0.5029209826318568,0.3527585827269021,,,,,0.5772413171894761,,injection+amplification,True,True,True,True,False,False,True,False,False,False,,False,False,False,True,True,True,False,amplifier,False,weight-outlier+activation-outlier
layer4.2.bn3,BatchNorm2d,0.949524250554803,5.4756478689782755,4.5261236184234725,5.766727775282071,-0.020413794954368323,9.63838596733249,-14.768710230156344,13.404439244292867,748.9594184650308,-0.9747460910252163,0.0,2.28463077545166,N/A,N/A,N/A,N/A,N/A,N/A,False,,False,124,-0.05,0.05000000000000001,-0.1322426813475736,0.8413447460685428,0,1,fallback-act,0.9799162249740161,,,,,,,,,,,injection+amplification,True,True,True,True,False,False,True,False,False,False,,False,False,True,False,True,True,False,amplifier,False,inherits-from-upstream
avgpool,AdaptiveAvgPool2d,,,,,,,,,,,,,N/A,N/A,N/A,N/A,N/A,N/A,False,,True,125,-0.05,0.08661698015184618,-0.19247225395834788,0.7181160652029447,1,2,mqbench-act,0.9799162249740161,,,,,-0.05,0.13231592402986098,-0.2676403275439523,0.6472414172730979,,0.9569024257163782,none,False,False,False,False,False,False,False,False,False,False,,False,False,False,False,False,False,False,stable,False,stable
fc,Linear,1.6904899577191888,1.9683441417400813,0.27785418402089257,1.1643631083119677,0.4367143745026885,0.9999092178344726,-5.882020639959196,4.784965798891127,47.03201488958273,0.0,0.0,0.3331142067909241,0.051758572459220886,0.998661458492279,3855.2681065390666,85.09662375085956,37.85556411743164,37.60069274902344,False,,False,126,0.0,0.0,0.0,1.0,0,0,mqbench-weight+fallback-act,1.0,-0.15,0.2061795455482945,-0.48913517329831846,0.7665466476673573,,,,,0.884547612957873,,injection+amplification,True,True,True,True,False,False,True,False,False,False,,False,False,False,True,True,True,False,amplifier,False,weight-outlier
