module_name,type,rel_mse,cosine_act,snr,zero_inflation,dead_neuron,skipped_updates,is_weighted,weight_relerr,flag_output_distortion,flag_activation_collapse,flag_weight_distortion,is_flagged,flag_reason
backbone.body.conv1,Conv2d,0.00010373338685099043,1.004319943021983,39.92586734890938,1.3162458037738656,,0,True,0.008509057573974133,False,False,False,False,stable
backbone.body.relu,ReLU,0.00012327003895507005,1.001783997984603,36.16881601512432,0.0006858572285661779,15.3456925550296,0,False,,False,False,False,False,stable
backbone.body.maxpool,MaxPool2d,9.384156831515611e-05,1.000063945306465,36.70201709866524,0.0017244201340389509,,0,False,,False,False,False,False,stable
backbone.body.layer1.0.conv1,Conv2d,0.013718716760195093,0.9937541733961552,18.120372623205185,7.81274452370757,,0,True,0.16698867082595825,False,False,False,False,stable
backbone.body.layer1.0.conv2,Conv2d,0.04757004672137555,0.9770816953387111,12.955564111471176,3.1250012342755853,,0,True,0.23857659101486206,False,False,False,False,stable
backbone.body.layer1.0.conv3,Conv2d,0.042510318955464754,0.9838692436460406,13.787997987121344,0.7721491832584513,,0,True,0.1470048725605011,False,False,False,False,stable
backbone.body.layer1.0.relu,ReLU,,,,0.0,0.0,256,False,,False,False,False,False,stable
backbone.body.layer1.0.downsample.0,Conv2d,0.010260173276037676,0.999210249632597,19.528852105140686,0.0012857608768094809,,0,True,0.1537514328956604,False,False,False,False,stable
backbone.body.layer1.1.conv1,Conv2d,0.06006866764801089,0.971772754797712,11.864774979650974,4.687516274152158,,0,True,0.16506297886371613,False,False,False,False,stable
backbone.body.layer1.1.conv2,Conv2d,0.09214695217087865,0.9538301678840071,10.106255732476711,1.4034170541060775e-05,,0,True,0.2198365181684494,False,False,False,False,stable
backbone.body.layer1.1.conv3,Conv2d,0.11090953956590965,0.9484186365734786,9.608072947710752,0.5075121321792928,,0,True,0.14187316596508026,False,False,False,False,stable
backbone.body.layer1.1.relu,ReLU,,,,0.0,0.0,256,False,,False,False,False,False,stable
backbone.body.layer1.2.conv1,Conv2d,0.07881167292362079,0.9635814961511642,11.039525255560875,9.097068200883044e-06,,0,True,0.14975450932979584,False,False,False,False,stable
backbone.body.layer1.2.conv2,Conv2d,0.10136953328037634,0.9486492441501468,9.859403066337109,2.422837259531665e-06,,0,True,0.17610026895999908,False,False,False,False,stable
backbone.body.layer1.2.conv3,Conv2d,0.12019153728033416,0.945486445678398,9.112343821674585,0.3010854719605062,,0,True,0.12961919605731964,False,False,False,False,stable
backbone.body.layer1.2.relu,ReLU,,,,0.0,0.0,256,False,,False,False,False,False,stable
backbone.body.layer2.0.conv1,Conv2d,0.10518557546311058,0.95222507417202,9.803213868290186,5.010244597069254e-05,,0,True,0.19873188436031342,False,False,False,False,stable
backbone.body.layer2.0.conv2,Conv2d,0.1229461224284023,0.9396200180053711,9.194606395438313,0.0013658402196280583,,0,True,0.17808356881141663,False,False,False,False,stable
backbone.body.layer2.0.conv3,Conv2d,0.15156185199157335,0.9302220707759261,8.255837872624397,1.499783874687946,,0,True,0.17533992230892181,True,False,False,True,output
backbone.body.layer2.0.relu,ReLU,,,,0.0,0.0,256,False,,False,False,False,False,stable
backbone.body.layer2.0.downsample.0,Conv2d,0.06744593176699709,0.9674863622058183,11.641233399510384,1.7582860961133726,,0,True,0.21625642478466034,False,False,False,False,stable
backbone.body.layer2.1.conv1,Conv2d,0.09087191606522538,0.9543744865804911,10.605706525966525,2.7794057618778345e-05,,0,True,0.22130875289440155,False,False,False,False,stable
backbone.body.layer2.1.conv2,Conv2d,0.07594552023510914,0.9620115060824901,11.07338461279869,6.674230941351379e-06,,0,True,0.22431108355522156,False,False,False,False,stable
backbone.body.layer2.1.conv3,Conv2d,0.1233213912055362,0.9395486142020673,9.073234137147665,0.000209689707725882,,0,True,0.16459637880325317,False,False,False,False,stable
backbone.body.layer2.1.relu,ReLU,,,,0.0,0.0,256,False,,False,False,False,False,stable
backbone.body.layer2.2.conv1,Conv2d,0.10528858509496786,0.9469339055940509,9.825372438877821,3.913110743696425e-05,,0,True,0.22976438701152802,False,False,False,False,stable
backbone.body.layer2.2.conv2,Conv2d,0.07858475398097653,0.9602142174262553,11.068907771259546,1.0057060322584268e-06,,0,True,0.2443348914384842,False,False,False,False,stable
backbone.body.layer2.2.conv3,Conv2d,0.10000666312407702,0.9509583886247128,9.701660882681608,0.0001600901147713187,,0,True,0.16367179155349731,False,False,False,False,stable
backbone.body.layer2.2.relu,ReLU,,,,0.0,0.0,256,False,,False,False,False,False,stable
backbone.body.layer2.3.conv1,Conv2d,0.17956318060168996,0.9099417289253324,7.394177844747901,8.22850390029622e-06,,0,True,0.21924464404582977,True,False,False,True,output
backbone.body.layer2.3.conv2,Conv2d,0.21189499853062443,0.8949194608721882,6.4336226331070065,3.108545917889683e-06,,0,True,0.19134575128555298,True,False,False,True,output
backbone.body.layer2.3.conv3,Conv2d,0.15690237600938417,0.9221756923943758,7.165873524732888,0.02000251013254313,,0,True,0.1523839384317398,True,False,False,True,output
backbone.body.layer2.3.relu,ReLU,,,,0.0,0.0,256,False,,False,False,False,False,stable
backbone.body.layer3.0.conv1,Conv2d,0.12985621075495146,0.9346850358415395,7.918467925861478,6.281091310559448e-05,,0,True,0.23231889307498932,False,False,False,False,stable
backbone.body.layer3.0.conv2,Conv2d,0.167596692830557,0.9148197632748634,7.782848040573299,1.755414165396527e-05,,0,True,0.22485384345054626,True,False,False,True,output
backbone.body.layer3.0.conv3,Conv2d,0.14269673437229358,0.9282298132311553,8.501496816053987,0.06167163102668791,,0,True,0.18388265371322632,False,False,False,False,stable
backbone.body.layer3.0.relu,ReLU,,,,0.0,0.0,256,False,,False,False,False,False,stable
backbone.body.layer3.0.downsample.0,Conv2d,0.14850581641076133,0.9266665200702846,8.392586244270205,0.09778744892329917,,0,True,0.22799548506736755,False,False,False,False,stable
backbone.body.layer3.1.conv1,Conv2d,0.11280457486282103,0.942103632260114,9.445035245269537,0.0002088211434252952,,0,True,0.2783429026603699,False,False,True,True,weight
backbone.body.layer3.1.conv2,Conv2d,0.09800204289786052,0.9499941586982459,9.916290253400803,4.937102340177732e-06,,0,True,0.2499767392873764,False,False,False,False,stable
backbone.body.layer3.1.conv3,Conv2d,0.09041576525487471,0.955198454670608,9.234282745048404,0.0020013550041942697,,0,True,0.18514946103096008,False,False,False,False,stable
backbone.body.layer3.1.relu,ReLU,,,,0.0,0.0,256,False,,False,False,False,False,stable
backbone.body.layer3.2.conv1,Conv2d,0.12499449390452355,0.9356963506434113,8.679107930511236,0.00018395277608217772,,0,True,0.3074191212654114,False,False,True,True,weight
backbone.body.layer3.2.conv2,Conv2d,0.09311565180541947,0.9525936068966985,9.740384478121996,1.6274152158363634e-05,,0,True,0.2307811975479126,False,False,False,False,stable
backbone.body.layer3.2.conv3,Conv2d,0.10826196012203582,0.9450308154337108,8.969254350289702,0.0005310584989430065,,0,True,0.17678691446781158,False,False,False,False,stable
backbone.body.layer3.2.relu,ReLU,,,,0.0,0.0,256,False,,False,False,False,False,stable
backbone.body.layer3.3.conv1,Conv2d,0.11589570980868302,0.9404006241820753,8.56249220483005,4.754246697948928e-05,,0,True,0.2807067334651947,False,False,True,True,weight
backbone.body.layer3.3.conv2,Conv2d,0.10059402787010185,0.9486050759442151,9.401309533044696,6.582803120236976e-06,,0,True,0.22728759050369263,False,False,False,False,stable
backbone.body.layer3.3.conv3,Conv2d,0.1094143615628127,0.9443441038019955,8.57367062754929,0.00039419105073474616,,0,True,0.1719558835029602,False,False,False,False,stable
backbone.body.layer3.3.relu,ReLU,,,,0.0,0.0,256,False,,False,False,False,False,stable
backbone.body.layer3.4.conv1,Conv2d,0.11323801713297144,0.9418936560396105,8.463958237320185,6.948514404694586e-05,,0,True,0.26501476764678955,False,False,True,True,weight
backbone.body.layer3.4.conv2,Conv2d,0.09683028524159454,0.9504963122308254,9.195038264617324,0.003261596090435193,,0,True,0.2339942455291748,False,False,False,False,stable
backbone.body.layer3.4.conv3,Conv2d,0.1163771899882704,0.9408954428508878,7.957097943872213,0.0001241589810733585,,0,True,0.17716750502586365,False,False,False,False,stable
backbone.body.layer3.4.relu,ReLU,,,,0.0,0.0,256,False,,False,False,False,False,stable
backbone.body.layer3.5.conv1,Conv2d,0.12139836879214272,0.9374994279351085,8.127412656322122,8.21021833607334e-05,,0,True,0.2550360858440399,False,False,True,True,weight
backbone.body.layer3.5.conv2,Conv2d,0.12206045497441664,0.9370978146325797,8.68158719316125,1.86512755073381e-05,,0,True,0.22816656529903412,False,False,False,False,stable
backbone.body.layer3.5.conv3,Conv2d,0.0706479891523486,0.9650292010046542,8.325742630288005,7.236512041204954e-05,,0,True,0.1567937135696411,False,False,False,False,stable
backbone.body.layer3.5.relu,ReLU,,,,0.0,0.0,256,False,,False,False,False,False,stable
backbone.body.layer4.0.conv1,Conv2d,0.11500308912945911,0.9410240422002971,7.554863480851054,0.00014390739043406946,,0,True,0.2239130735397339,False,False,False,False,stable
backbone.body.layer4.0.conv2,Conv2d,0.13072341211955063,0.9329671279992908,7.823729423806071,7.021656661586108e-05,,0,True,0.20965807139873505,False,False,False,False,stable
backbone.body.layer4.0.conv3,Conv2d,0.10584384857793339,0.9459717413410544,8.740923091769218,6.793087108800103e-05,,0,True,0.18438638746738434,False,False,False,False,stable
backbone.body.layer4.0.relu,ReLU,,,,0.0,0.0,256,False,,False,False,False,False,stable
backbone.body.layer4.0.downsample.0,Conv2d,0.15067348457523622,0.9221499804407358,7.6444413140416145,0.0003806140192992574,,0,True,0.1883704513311386,True,False,False,True,output
backbone.body.layer4.1.conv1,Conv2d,0.07562312464870047,0.9622639778535813,9.321910053491592,1.1337049818185903e-05,,0,True,0.2619819939136505,False,False,True,True,weight
backbone.body.layer4.1.conv2,Conv2d,0.0692372821358731,0.9668094366788864,9.779590982943773,2.7794057618778345e-05,,0,True,0.22756998240947723,False,False,False,False,stable
backbone.body.layer4.1.conv3,Conv2d,0.07591388943546917,0.9623879834543914,9.73003776371479,0.00012022758476543922,,0,True,0.17079749703407288,False,False,False,False,stable
backbone.body.layer4.1.relu,ReLU,,,,0.0,0.0,256,False,,False,False,False,False,stable
backbone.body.layer4.2.conv1,Conv2d,0.08652670518495142,0.9568321732804179,9.79149840399623,5.046815725515015e-05,,0,True,0.22365888953208923,False,False,False,False,stable
backbone.body.layer4.2.conv2,Conv2d,0.04515158631693339,0.9798385850153863,8.990312967449427,5.119957982406537e-06,,0,True,0.22783611714839935,False,False,False,False,stable
backbone.body.layer4.2.conv3,Conv2d,0.040901482752815355,0.9806525956373662,7.460672380402684,3.5656850234616956e-06,,0,True,0.22431324422359467,False,False,False,False,stable
backbone.body.layer4.2.relu,ReLU,,,,0.0,0.0,256,False,,False,False,False,False,stable
